2020-03-17,Martin,Minnesota,27091,2,0
2020-03-18,Martin,Minnesota,27091,3,0
2020-03-19,Martin,Florida,12085,1,0
2020-03-19,Martin,Minnesota,27091,3,0
2020-03-20,Martin,Florida,12085,1,0
2020-03-20,Martin,Minnesota,27091,4,0
2020-03-21,Martin,Florida,12085,1,0
2020-03-21,Martin,Minnesota,27091,5,0
2020-03-22,Martin,Florida,12085,2,0
2020-03-22,Martin,Minnesota,27091,8,0
2020-03-23,Martin,Florida,12085,4,0
2020-03-23,Martin,Minnesota,27091,8,0
2020-03-24,Martin,Florida,12085,4,0
2020-03-24,Martin,Kentucky,21159,1,0
2020-03-24,Martin,Minnesota,27091,8,0
2020-03-25,Martin,Florida,12085,7,0
2020-03-25,Martin,Kentucky,21159,1,0
2020-03-25,Martin,Minnesota,27091,10,0
2020-03-26,Martin,Florida,12085,11,0
2020-03-26,Martin,Kentucky,21159,1,0
2020-03-26,Martin,Minnesota,27091,12,0
2020-03-26,Martin,Texas,48317,1,0
2020-03-27,Martin,Florida,12085,17,0
2020-03-27,Martin,Kentucky,21159,1,0
2020-03-27,Martin,Minnesota,27091,18,1
2020-03-27,Martin,Texas,48317,1,0
2020-03-28,Martin,Florida,12085,26,0
2020-03-28,Martin,Kentucky,21159,1,0
2020-03-28,Martin,Minnesota,27091,19,1
2020-03-28,Martin,Texas,48317,1,0
2020-03-29,Martin,Florida,12085,27,0
2020-03-29,Martin,Kentucky,21159,1,0
2020-03-29,Martin,Minnesota,27091,21,2
2020-03-29,Martin,Texas,48317,1,0
2020-03-30,Martin,Florida,12085,27,0
2020-03-30,Martin,Kentucky,21159,1,0
2020-03-30,Martin,Minnesota,27091,23,2
2020-03-30,Martin,Texas,48317,1,0
2020-03-31,Martin,Florida,12085,28,0
2020-03-31,Martin,Kentucky,21159,1,0
2020-03-31,Martin,Minnesota,27091,25,2
2020-03-31,Martin,North Carolina,37117,2,0
2020-03-31,Martin,Texas,48317,1,0
2020-04-01,Martin,Florida,12085,33,0
2020-04-01,Martin,Kentucky,21159,1,0
2020-04-01,Martin,Minnesota,27091,29,2
2020-04-01,Martin,North Carolina,37117,2,0
2020-04-01,Martin,Texas,48317,1,0
2020-04-02,Martin,Florida,12085,34,0
2020-04-02,Martin,Kentucky,21159,1,0
2020-04-02,Martin,Minnesota,27091,29,2
2020-04-02,Martin,North Carolina,37117,3,0
2020-04-02,Martin,Texas,48317,1,0
2020-04-03,Martin,Florida,12085,42,0
2020-04-03,Martin,Kentucky,21159,1,0
2020-04-03,Martin,Minnesota,27091,32,2
2020-04-03,Martin,North Carolina,37117,3,0
2020-04-03,Martin,Texas,48317,1,0
2020-04-04,Martin,Florida,12085,53,0
2020-04-04,Martin,Indiana,18101,1,0
2020-04-04,Martin,Kentucky,21159,1,0
2020-04-04,Martin,Minnesota,27091,32,4
2020-04-04,Martin,North Carolina,37117,3,0
2020-04-04,Martin,Texas,48317,1,0
2020-04-05,Martin,Florida,12085,60,0
2020-04-05,Martin,Indiana,18101,1,0
2020-04-05,Martin,Kentucky,21159,1,0
2020-04-05,Martin,Minnesota,27091,32,4
2020-04-05,Martin,North Carolina,37117,3,0
2020-04-05,Martin,Texas,48317,1,0
2020-04-06,Martin,Florida,12085,85,0
2020-04-06,Martin,Indiana,18101,2,0
2020-04-06,Martin,Kentucky,21159,1,0
2020-04-06,Martin,Minnesota,27091,33,4
2020-04-06,Martin,North Carolina,37117,3,0
2020-04-06,Martin,Texas,48317,1,0
2020-04-07,Martin,Florida,12085,100,0
2020-04-07,Martin,Indiana,18101,2,0
2020-04-07,Martin,Kentucky,21159,1,0
2020-04-07,Martin,Minnesota,27091,34,4
2020-04-07,Martin,North Carolina,37117,4,0
2020-04-07,Martin,Texas,48317,2,0
2020-04-08,Martin,Florida,12085,108,1
2020-04-08,Martin,Indiana,18101,1,0
2020-04-08,Martin,Kentucky,21159,4,0
2020-04-08,Martin,Minnesota,27091,34,4
2020-04-08,Martin,North Carolina,37117,4,0
2020-04-08,Martin,Texas,48317,2,0
2020-04-09,Martin,Florida,12085,109,1
2020-04-09,Martin,Indiana,18101,2,0
2020-04-09,Martin,Kentucky,21159,4,0
2020-04-09,Martin,Minnesota,27091,35,4
2020-04-09,Martin,North Carolina,37117,4,0
2020-04-09,Martin,Texas,48317,2,0
2020-04-10,Martin,Florida,12085,115,3
2020-04-10,Martin,Indiana,18101,2,0
2020-04-10,Martin,Kentucky,21159,4,0
2020-04-10,Martin,Minnesota,27091,36,4
2020-04-10,Martin,North Carolina,37117,5,0
2020-04-10,Martin,Texas,48317,2,0
2020-04-11,Martin,Florida,12085,117,3
2020-04-11,Martin,Indiana,18101,2,0
2020-04-11,Martin,Kentucky,21159,4,0
2020-04-11,Martin,Minnesota,27091,37,4
2020-04-11,Martin,North Carolina,37117,5,0
2020-04-11,Martin,Texas,48317,2,0
2020-04-12,Martin,Florida,12085,122,3
2020-04-12,Martin,Indiana,18101,5,0
2020-04-12,Martin,Kentucky,21159,1,0
2020-04-12,Martin,Minnesota,27091,38,4
2020-04-12,Martin,North Carolina,37117,6,0
2020-04-12,Martin,Texas,48317,2,0
2020-04-13,Martin,Florida,12085,129,3
2020-04-13,Martin,Indiana,18101,5,0
2020-04-13,Martin,Kentucky,21159,1,0
2020-04-13,Martin,Minnesota,27091,38,4
2020-04-13,Martin,North Carolina,37117,6,0
2020-04-13,Martin,Texas,48317,2,0
2020-04-14,Martin,Florida,12085,135,4
2020-04-14,Martin,Indiana,18101,5,0
2020-04-14,Martin,Kentucky,21159,1,0
2020-04-14,Martin,Minnesota,27091,39,4
2020-04-14,Martin,North Carolina,37117,7,0
2020-04-14,Martin,Texas,48317,2,0
2020-04-15,Martin,Florida,12085,140,4
2020-04-15,Martin,Indiana,18101,5,0
2020-04-15,Martin,Kentucky,21159,1,0
2020-04-15,Martin,Minnesota,27091,39,4
2020-04-15,Martin,North Carolina,37117,7,0
2020-04-15,Martin,Texas,48317,2,0
2020-04-16,Martin,Florida,12085,142,4
2020-04-16,Martin,Indiana,18101,5,0
2020-04-16,Martin,Kentucky,21159,2,0
2020-04-16,Martin,Minnesota,27091,39,4
2020-04-16,Martin,North Carolina,37117,7,0
2020-04-16,Martin,Texas,48317,2,0
2020-04-17,Martin,Florida,12085,147,4
2020-04-17,Martin,Indiana,18101,5,0
2020-04-17,Martin,Kentucky,21159,2,0
2020-04-17,Martin,Minnesota,27091,39,4
2020-04-17,Martin,North Carolina,37117,8,0
2020-04-17,Martin,Texas,48317,2,0
2020-04-18,Martin,Florida,12085,148,4
2020-04-18,Martin,Indiana,18101,5,0
2020-04-18,Martin,Kentucky,21159,2,0
2020-04-18,Martin,Minnesota,27091,39,4
2020-04-18,Martin,North Carolina,37117,8,0
2020-04-18,Martin,Texas,48317,2,0
2020-04-19,Martin,Florida,12085,151,4
2020-04-19,Martin,Indiana,18101,5,0
2020-04-19,Martin,Kentucky,21159,2,0
2020-04-19,Martin,Minnesota,27091,39,4
2020-04-19,Martin,North Carolina,37117,9,0
2020-04-19,Martin,Texas,48317,2,0
2020-04-20,Martin,Florida,12085,155,4
2020-04-20,Martin,Indiana,18101,6,0
2020-04-20,Martin,Kentucky,21159,2,0
2020-04-20,Martin,Minnesota,27091,41,4
2020-04-20,Martin,North Carolina,37117,9,0
2020-04-20,Martin,Texas,48317,2,0
2020-04-21,Martin,Florida,12085,160,4
2020-04-21,Martin,Indiana,18101,6,0
2020-04-21,Martin,Kentucky,21159,3,0
2020-04-21,Martin,Minnesota,27091,41,4
2020-04-21,Martin,North Carolina,37117,11,0
2020-04-21,Martin,Texas,48317,2,0
2020-04-22,Martin,Florida,12085,161,4
2020-04-22,Martin,Indiana,18101,6,0
2020-04-22,Martin,Kentucky,21159,3,0
2020-04-22,Martin,Minnesota,27091,41,4
2020-04-22,Martin,North Carolina,37117,11,0
2020-04-22,Martin,Texas,48317,2,0
2020-04-23,Martin,Florida,12085,166,5
2020-04-23,Martin,Indiana,18101,6,0
2020-04-23,Martin,Kentucky,21159,3,0
2020-04-23,Martin,Minnesota,27091,41,4
2020-04-23,Martin,North Carolina,37117,12,0
2020-04-23,Martin,Texas,48317,2,0
2020-04-24,Martin,Florida,12085,169,5
2020-04-24,Martin,Indiana,18101,7,0
2020-04-24,Martin,Kentucky,21159,3,0
2020-04-24,Martin,Minnesota,27091,41,4
2020-04-24,Martin,North Carolina,37117,13,0
2020-04-24,Martin,Texas,48317,2,0
2020-04-25,Martin,Florida,12085,169,5
2020-04-25,Martin,Indiana,18101,7,0
2020-04-25,Martin,Kentucky,21159,3,0
2020-04-25,Martin,Minnesota,27091,42,4
2020-04-25,Martin,North Carolina,37117,15,0
2020-04-25,Martin,Texas,48317,2,0
2020-04-26,Martin,Florida,12085,174,5
2020-04-26,Martin,Indiana,18101,7,0
2020-04-26,Martin,Kentucky,21159,3,0
2020-04-26,Martin,Minnesota,27091,43,4
2020-04-26,Martin,North Carolina,37117,15,0
2020-04-26,Martin,Texas,48317,2,0
2020-04-27,Martin,Florida,12085,183,5
2020-04-27,Martin,Indiana,18101,7,0
2020-04-27,Martin,Kentucky,21159,3,0
2020-04-27,Martin,Minnesota,27091,43,4
2020-04-27,Martin,North Carolina,37117,15,0
2020-04-27,Martin,Texas,48317,2,0
2020-04-28,Martin,Florida,12085,185,5
2020-04-28,Martin,Indiana,18101,7,0
2020-04-28,Martin,Kentucky,21159,3,0
2020-04-28,Martin,Minnesota,27091,52,4
2020-04-28,Martin,North Carolina,37117,16,0
2020-04-28,Martin,Texas,48317,2,0
2020-04-29,Martin,Florida,12085,186,5
2020-04-29,Martin,Indiana,18101,7,0
2020-04-29,Martin,Kentucky,21159,3,0
2020-04-29,Martin,Minnesota,27091,70,4
2020-04-29,Martin,North Carolina,37117,16,0
2020-04-29,Martin,Texas,48317,2,0
2020-04-30,Martin,Florida,12085,191,6
2020-04-30,Martin,Indiana,18101,7,0
2020-04-30,Martin,Kentucky,21159,3,0
2020-04-30,Martin,Minnesota,27091,88,4
2020-04-30,Martin,North Carolina,37117,16,0
2020-04-30,Martin,Texas,48317,2,0
2020-05-01,Martin,Florida,12085,197,6
2020-05-01,Martin,Indiana,18101,7,0
2020-05-01,Martin,Kentucky,21159,3,0
2020-05-01,Martin,Minnesota,27091,111,4
2020-05-01,Martin,North Carolina,37117,16,0
2020-05-01,Martin,Texas,48317,2,0
2020-05-02,Martin,Florida,12085,199,6
2020-05-02,Martin,Indiana,18101,7,0
2020-05-02,Martin,Kentucky,21159,3,0
2020-05-02,Martin,Minnesota,27091,111,4
2020-05-02,Martin,North Carolina,37117,18,0
2020-05-02,Martin,Texas,48317,2,0
2020-05-03,Martin,Florida,12085,202,6
2020-05-03,Martin,Indiana,18101,7,0
2020-05-03,Martin,Kentucky,21159,3,0
2020-05-03,Martin,Minnesota,27091,111,4
2020-05-03,Martin,North Carolina,37117,20,0
2020-05-03,Martin,Texas,48317,2,0
2020-05-04,Martin,Florida,12085,215,6
2020-05-04,Martin,Indiana,18101,7,0
2020-05-04,Martin,Kentucky,21159,3,0
2020-05-04,Martin,Minnesota,27091,111,4
2020-05-04,Martin,North Carolina,37117,21,1
2020-05-04,Martin,Texas,48317,2,0
2020-05-05,Martin,Florida,12085,218,6
2020-05-05,Martin,Indiana,18101,7,0
2020-05-05,Martin,Kentucky,21159,3,0
2020-05-05,Martin,Minnesota,27091,111,4
2020-05-05,Martin,North Carolina,37117,21,1
2020-05-05,Martin,Texas,48317,3,1
2020-05-06,Martin,Florida,12085,224,6
2020-05-06,Martin,Indiana,18101,7,0
2020-05-06,Martin,Kentucky,21159,3,0
2020-05-06,Martin,Minnesota,27091,111,4
2020-05-06,Martin,North Carolina,37117,25,1
2020-05-06,Martin,Texas,48317,3,1
2020-05-07,Martin,Florida,12085,233,6
2020-05-07,Martin,Indiana,18101,7,0
2020-05-07,Martin,Kentucky,21159,3,0
2020-05-07,Martin,Minnesota,27091,111,4
2020-05-07,Martin,North Carolina,37117,27,1
2020-05-07,Martin,Texas,48317,3,1
2020-05-08,Martin,Florida,12085,243,6
2020-05-08,Martin,Indiana,18101,7,0
2020-05-08,Martin,Kentucky,21159,3,0
2020-05-08,Martin,Minnesota,27091,111,4
2020-05-08,Martin,North Carolina,37117,28,1
2020-05-08,Martin,Texas,48317,3,1
2020-05-09,Martin,Florida,12085,245,6
2020-05-09,Martin,Indiana,18101,7,0
2020-05-09,Martin,Kentucky,21159,3,0
2020-05-09,Martin,Minnesota,27091,112,4
2020-05-09,Martin,North Carolina,37117,29,1
2020-05-09,Martin,Texas,48317,3,1
2020-05-10,Martin,Florida,12085,255,6
2020-05-10,Martin,Indiana,18101,7,0
2020-05-10,Martin,Kentucky,21159,3,0
2020-05-10,Martin,Minnesota,27091,112,4
2020-05-10,Martin,North Carolina,37117,29,1
2020-05-10,Martin,Texas,48317,3,1
2020-05-11,Martin,Florida,12085,261,6
2020-05-11,Martin,Indiana,18101,7,0
2020-05-11,Martin,Kentucky,21159,3,0
2020-05-11,Martin,Minnesota,27091,112,4
2020-05-11,Martin,North Carolina,37117,31,1
2020-05-11,Martin,Texas,48317,3,1
2020-05-12,Martin,Florida,12085,274,6
2020-05-12,Martin,Indiana,18101,7,0
2020-05-12,Martin,Kentucky,21159,3,0
2020-05-12,Martin,Minnesota,27091,112,4
2020-05-12,Martin,North Carolina,37117,33,2
2020-05-12,Martin,Texas,48317,3,1
2020-05-13,Martin,Florida,12085,275,6
2020-05-13,Martin,Indiana,18101,7,0
2020-05-13,Martin,Kentucky,21159,3,0
2020-05-13,Martin,Minnesota,27091,112,4
2020-05-13,Martin,North Carolina,37117,33,3
2020-05-13,Martin,Texas,48317,3,1
2020-05-14,Martin,Florida,12085,281,6
2020-05-14,Martin,Indiana,18101,7,0
2020-05-14,Martin,Kentucky,21159,3,0
2020-05-14,Martin,Minnesota,27091,113,4
2020-05-14,Martin,North Carolina,37117,34,4
2020-05-14,Martin,Texas,48317,3,1
2020-05-15,Martin,Florida,12085,294,6
2020-05-15,Martin,Indiana,18101,7,0
2020-05-15,Martin,Kentucky,21159,3,0
2020-05-15,Martin,Minnesota,27091,114,4
2020-05-15,Martin,North Carolina,37117,34,4
2020-05-15,Martin,Texas,48317,3,1
2020-05-16,Martin,Florida,12085,296,6
2020-05-16,Martin,Indiana,18101,7,0
2020-05-16,Martin,Kentucky,21159,3,0
2020-05-16,Martin,Minnesota,27091,117,5
2020-05-16,Martin,North Carolina,37117,35,4
2020-05-16,Martin,Texas,48317,3,1
2020-05-17,Martin,Florida,12085,321,7
2020-05-17,Martin,Indiana,18101,7,0
2020-05-17,Martin,Kentucky,21159,3,0
2020-05-17,Martin,Minnesota,27091,118,5
2020-05-17,Martin,North Carolina,37117,35,4
2020-05-17,Martin,Texas,48317,3,1
2020-05-18,Martin,Florida,12085,371,7
2020-05-18,Martin,Indiana,18101,8,0
2020-05-18,Martin,Kentucky,21159,3,0
2020-05-18,Martin,Minnesota,27091,120,5
2020-05-18,Martin,North Carolina,37117,36,4
2020-05-18,Martin,Texas,48317,3,1
2020-05-19,Martin,Florida,12085,396,8
2020-05-19,Martin,Indiana,18101,8,0
2020-05-19,Martin,Kentucky,21159,3,0
2020-05-19,Martin,Minnesota,27091,123,5
2020-05-19,Martin,North Carolina,37117,37,4
2020-05-19,Martin,Texas,48317,3,1
2020-05-20,Martin,Florida,12085,419,8
2020-05-20,Martin,Indiana,18101,8,0
2020-05-20,Martin,Kentucky,21159,3,0
2020-05-20,Martin,Minnesota,27091,123,5
2020-05-20,Martin,North Carolina,37117,39,4
2020-05-20,Martin,Texas,48317,3,1
2020-05-21,Martin,Florida,12085,472,8
2020-05-21,Martin,Indiana,18101,8,0
2020-05-21,Martin,Kentucky,21159,3,0
2020-05-21,Martin,Minnesota,27091,124,5
2020-05-21,Martin,North Carolina,37117,42,4
2020-05-21,Martin,Texas,48317,3,1
2020-05-22,Martin,Florida,12085,476,9
2020-05-22,Martin,Indiana,18101,8,0
2020-05-22,Martin,Kentucky,21159,3,0
2020-05-22,Martin,Minnesota,27091,124,5
2020-05-22,Martin,North Carolina,37117,48,4
2020-05-22,Martin,Texas,48317,3,1
2020-05-23,Martin,Florida,12085,483,9
2020-05-23,Martin,Indiana,18101,10,0
2020-05-23,Martin,Kentucky,21159,3,0
2020-05-23,Martin,Minnesota,27091,124,5
2020-05-23,Martin,North Carolina,37117,52,4
2020-05-23,Martin,Texas,48317,3,1
2020-05-24,Martin,Florida,12085,494,9
2020-05-24,Martin,Indiana,18101,9,0
2020-05-24,Martin,Kentucky,21159,3,0
2020-05-24,Martin,Minnesota,27091,124,5
2020-05-24,Martin,North Carolina,37117,52,4
2020-05-24,Martin,Texas,48317,3,1
2020-05-25,Martin,Florida,12085,510,9
2020-05-25,Martin,Indiana,18101,9,0
2020-05-25,Martin,Kentucky,21159,3,0
2020-05-25,Martin,Minnesota,27091,125,5
2020-05-25,Martin,North Carolina,37117,54,4
2020-05-25,Martin,Texas,48317,3,1
2020-05-26,Martin,Florida,12085,535,9
2020-05-26,Martin,Indiana,18101,9,0
2020-05-26,Martin,Kentucky,21159,3,0
2020-05-26,Martin,Minnesota,27091,126,5
2020-05-26,Martin,North Carolina,37117,56,4
2020-05-26,Martin,Texas,48317,3,1
2020-05-27,Martin,Florida,12085,550,9
2020-05-27,Martin,Indiana,18101,9,0
2020-05-27,Martin,Kentucky,21159,3,0
2020-05-27,Martin,Minnesota,27091,126,5
2020-05-27,Martin,North Carolina,37117,61,4
2020-05-27,Martin,Texas,48317,3,1
2020-05-28,Martin,Florida,12085,557,9
2020-05-28,Martin,Indiana,18101,9,0
2020-05-28,Martin,Kentucky,21159,3,0
2020-05-28,Martin,Minnesota,27091,126,5
2020-05-28,Martin,North Carolina,37117,62,4
2020-05-28,Martin,Texas,48317,3,1
2020-05-29,Martin,Florida,12085,601,9
2020-05-29,Martin,Indiana,18101,11,0
2020-05-29,Martin,Kentucky,21159,3,0
2020-05-29,Martin,Minnesota,27091,129,5
2020-05-29,Martin,North Carolina,37117,65,4
2020-05-29,Martin,Texas,48317,3,1
2020-05-30,Martin,Florida,12085,626,9
2020-05-30,Martin,Indiana,18101,11,0
2020-05-30,Martin,Kentucky,21159,3,0
2020-05-30,Martin,Minnesota,27091,129,5
2020-05-30,Martin,North Carolina,37117,70,4
2020-05-30,Martin,Texas,48317,3,1
2020-05-31,Martin,Florida,12085,651,9
2020-05-31,Martin,Indiana,18101,11,0
2020-05-31,Martin,Kentucky,21159,3,0
2020-05-31,Martin,Minnesota,27091,130,5
2020-05-31,Martin,North Carolina,37117,72,4
2020-05-31,Martin,Texas,48317,3,1
2020-06-01,Martin,Florida,12085,652,9
2020-06-01,Martin,Indiana,18101,11,0
2020-06-01,Martin,Kentucky,21159,3,0
2020-06-01,Martin,Minnesota,27091,132,5
2020-06-01,Martin,North Carolina,37117,73,4
2020-06-01,Martin,Texas,48317,3,1
2020-06-02,Martin,Florida,12085,680,10
2020-06-02,Martin,Indiana,18101,12,0
2020-06-02,Martin,Kentucky,21159,3,0
2020-06-02,Martin,Minnesota,27091,132,5
2020-06-02,Martin,North Carolina,37117,73,4
2020-06-02,Martin,Texas,48317,3,1
2020-06-03,Martin,Florida,12085,729,10
2020-06-03,Martin,Indiana,18101,12,0
2020-06-03,Martin,Kentucky,21159,3,0
2020-06-03,Martin,Minnesota,27091,132,5
2020-06-03,Martin,North Carolina,37117,73,4
2020-06-03,Martin,Texas,48317,3,1
2020-06-04,Martin,Florida,12085,764,10
2020-06-04,Martin,Indiana,18101,13,0
2020-06-04,Martin,Kentucky,21159,3,0
2020-06-04,Martin,Minnesota,27091,132,5
2020-06-04,Martin,North Carolina,37117,73,4
2020-06-04,Martin,Texas,48317,3,1
2020-06-05,Martin,Florida,12085,810,12
2020-06-05,Martin,Indiana,18101,14,0
2020-06-05,Martin,Kentucky,21159,3,0
2020-06-05,Martin,Minnesota,27091,135,5
2020-06-05,Martin,North Carolina,37117,74,4
2020-06-05,Martin,Texas,48317,3,1
2020-06-06,Martin,Florida,12085,849,12
2020-06-06,Martin,Indiana,18101,14,0
2020-06-06,Martin,Kentucky,21159,3,0
2020-06-06,Martin,Minnesota,27091,137,5
2020-06-06,Martin,North Carolina,37117,77,4
2020-06-06,Martin,Texas,48317,3,1
2020-06-07,Martin,Florida,12085,907,13
2020-06-07,Martin,Indiana,18101,15,0
2020-06-07,Martin,Kentucky,21159,3,0
2020-06-07,Martin,Minnesota,27091,137,5
2020-06-07,Martin,North Carolina,37117,76,4
2020-06-07,Martin,Texas,48317,3,1
2020-06-08,Martin,Florida,12085,917,13
2020-06-08,Martin,Indiana,18101,15,0
2020-06-08,Martin,Kentucky,21159,3,0
2020-06-08,Martin,Minnesota,27091,140,5
2020-06-08,Martin,North Carolina,37117,76,4
2020-06-08,Martin,Texas,48317,3,1
2020-06-09,Martin,Florida,12085,934,15
2020-06-09,Martin,Indiana,18101,15,0
2020-06-09,Martin,Kentucky,21159,3,0
2020-06-09,Martin,Minnesota,27091,142,5
2020-06-09,Martin,North Carolina,37117,78,4
2020-06-09,Martin,Texas,48317,3,1
2020-06-10,Martin,Florida,12085,958,15
2020-06-10,Martin,Indiana,18101,15,0
2020-06-10,Martin,Kentucky,21159,3,0
2020-06-10,Martin,Minnesota,27091,143,5
2020-06-10,Martin,North Carolina,37117,78,4
2020-06-10,Martin,Texas,48317,3,1
2020-06-11,Martin,Florida,12085,1020,16
2020-06-11,Martin,Indiana,18101,15,0
2020-06-11,Martin,Kentucky,21159,3,0
2020-06-11,Martin,Minnesota,27091,143,5
2020-06-11,Martin,North Carolina,37117,82,4
2020-06-11,Martin,Texas,48317,3,1
2020-06-12,Martin,Florida,12085,1056,17
2020-06-12,Martin,Indiana,18101,15,0
2020-06-12,Martin,Kentucky,21159,3,0
2020-06-12,Martin,Minnesota,27091,143,5
2020-06-12,Martin,North Carolina,37117,88,4
2020-06-12,Martin,Texas,48317,3,1
2020-06-13,Martin,Florida,12085,1134,18
2020-06-13,Martin,Indiana,18101,15,0
2020-06-13,Martin,Kentucky,21159,3,0
2020-06-13,Martin,Minnesota,27091,143,5
2020-06-13,Martin,North Carolina,37117,94,4
2020-06-13,Martin,Texas,48317,3,1
2020-06-14,Martin,Florida,12085,1170,18
2020-06-14,Martin,Indiana,18101,16,0
2020-06-14,Martin,Kentucky,21159,3,0
2020-06-14,Martin,Minnesota,27091,143,5
2020-06-14,Martin,North Carolina,37117,96,4
2020-06-14,Martin,Texas,48317,3,1
2020-06-15,Martin,Florida,12085,1218,18
2020-06-15,Martin,Indiana,18101,16,0
2020-06-15,Martin,Kentucky,21159,3,0
2020-06-15,Martin,Minnesota,27091,143,5
2020-06-15,Martin,North Carolina,37117,100,4
2020-06-15,Martin,Texas,48317,4,1
2020-06-16,Martin,Florida,12085,1296,18
2020-06-16,Martin,Indiana,18101,16,0
2020-06-16,Martin,Kentucky,21159,3,0
2020-06-16,Martin,Minnesota,27091,147,5
2020-06-16,Martin,North Carolina,37117,101,4
2020-06-16,Martin,Texas,48317,4,1
2020-06-17,Martin,Florida,12085,1311,18
2020-06-17,Martin,Indiana,18101,16,0
2020-06-17,Martin,Kentucky,21159,3,0
2020-06-17,Martin,Minnesota,27091,147,5
2020-06-17,Martin,North Carolina,37117,101,4
2020-06-17,Martin,Texas,48317,4,1
2020-06-18,Martin,Florida,12085,1324,19
2020-06-18,Martin,Indiana,18101,20,0
2020-06-18,Martin,Kentucky,21159,3,0
2020-06-18,Martin,Minnesota,27091,147,5
2020-06-18,Martin,North Carolina,37117,103,4
2020-06-18,Martin,Texas,48317,4,1
2020-06-19,Martin,Florida,12085,1421,19
2020-06-19,Martin,Indiana,18101,20,0
2020-06-19,Martin,Kentucky,21159,3,0
2020-06-19,Martin,Minnesota,27091,147,5
2020-06-19,Martin,North Carolina,37117,106,4
2020-06-19,Martin,Texas,48317,5,1
2020-06-20,Martin,Florida,12085,1460,20
2020-06-20,Martin,Indiana,18101,20,0
2020-06-20,Martin,Kentucky,21159,3,0
2020-06-20,Martin,Minnesota,27091,147,5
2020-06-20,Martin,North Carolina,37117,111,4
2020-06-20,Martin,Texas,48317,6,1
2020-06-21,Martin,Florida,12085,1525,20
2020-06-21,Martin,Indiana,18101,21,0
2020-06-21,Martin,Kentucky,21159,4,0
2020-06-21,Martin,Minnesota,27091,148,5
2020-06-21,Martin,North Carolina,37117,112,4
2020-06-21,Martin,Texas,48317,6,1
2020-06-22,Martin,Florida,12085,1582,20
2020-06-22,Martin,Indiana,18101,21,0
2020-06-22,Martin,Kentucky,21159,4,0
2020-06-22,Martin,Minnesota,27091,148,5
2020-06-22,Martin,North Carolina,37117,113,4
2020-06-22,Martin,Texas,48317,7,1
2020-06-23,Martin,Florida,12085,1611,22
2020-06-23,Martin,Indiana,18101,22,0
2020-06-23,Martin,Kentucky,21159,5,0
2020-06-23,Martin,Minnesota,27091,148,5
2020-06-23,Martin,North Carolina,37117,117,4
2020-06-23,Martin,Texas,48317,7,1
2020-06-24,Martin,Florida,12085,1639,22
2020-06-24,Martin,Indiana,18101,22,0
2020-06-24,Martin,Kentucky,21159,5,0
2020-06-24,Martin,Minnesota,27091,149,5
2020-06-24,Martin,North Carolina,37117,119,4
2020-06-24,Martin,Texas,48317,8,1
2020-06-25,Martin,Florida,12085,1673,23
2020-06-25,Martin,Indiana,18101,22,0
2020-06-25,Martin,Kentucky,21159,5,0
2020-06-25,Martin,Minnesota,27091,148,5
2020-06-25,Martin,North Carolina,37117,121,4
2020-06-25,Martin,Texas,48317,9,1
2020-06-26,Martin,Florida,12085,1713,23
2020-06-26,Martin,Indiana,18101,22,0
2020-06-26,Martin,Kentucky,21159,5,0
2020-06-26,Martin,Minnesota,27091,151,5
2020-06-26,Martin,North Carolina,37117,122,4
2020-06-26,Martin,Texas,48317,9,1
2020-06-27,Martin,Florida,12085,1850,25
2020-06-27,Martin,Indiana,18101,22,0
2020-06-27,Martin,Kentucky,21159,5,0
2020-06-27,Martin,Minnesota,27091,152,5
2020-06-27,Martin,North Carolina,37117,120,4
2020-06-27,Martin,Texas,48317,11,1
2020-06-28,Martin,Florida,12085,1910,25
2020-06-28,Martin,Indiana,18101,22,0
2020-06-28,Martin,Kentucky,21159,5,0
2020-06-28,Martin,Minnesota,27091,154,5
2020-06-28,Martin,North Carolina,37117,120,4
2020-06-28,Martin,Texas,48317,11,1
2020-06-29,Martin,Florida,12085,1979,25
2020-06-29,Martin,Indiana,18101,24,0
2020-06-29,Martin,Kentucky,21159,5,0
2020-06-29,Martin,Minnesota,27091,155,5
2020-06-29,Martin,North Carolina,37117,128,4
2020-06-29,Martin,Texas,48317,14,1
2020-06-30,Martin,Florida,12085,2055,25
2020-06-30,Martin,Indiana,18101,22,0
2020-06-30,Martin,Kentucky,21159,5,0
2020-06-30,Martin,Minnesota,27091,156,5
2020-06-30,Martin,North Carolina,37117,131,4
2020-06-30,Martin,Texas,48317,16,1
2020-07-01,Martin,Florida,12085,2112,25
2020-07-01,Martin,Indiana,18101,22,0
2020-07-01,Martin,Kentucky,21159,7,0
2020-07-01,Martin,Minnesota,27091,161,5
2020-07-01,Martin,North Carolina,37117,135,4
2020-07-01,Martin,Texas,48317,17,1
2020-07-02,Martin,Florida,12085,2151,26
2020-07-02,Martin,Indiana,18101,22,0
2020-07-02,Martin,Kentucky,21159,8,0
2020-07-02,Martin,Minnesota,27091,161,5
2020-07-02,Martin,North Carolina,37117,137,4
2020-07-02,Martin,Texas,48317,17,1
2020-07-03,Martin,Florida,12085,2208,28
2020-07-03,Martin,Indiana,18101,22,0
2020-07-03,Martin,Kentucky,21159,8,0
2020-07-03,Martin,Minnesota,27091,163,5
2020-07-03,Martin,North Carolina,37117,140,4
2020-07-03,Martin,Texas,48317,17,1
2020-07-04,Martin,Florida,12085,2251,28
2020-07-04,Martin,Indiana,18101,22,0
2020-07-04,Martin,Kentucky,21159,8,0
2020-07-04,Martin,Minnesota,27091,163,5
2020-07-04,Martin,North Carolina,37117,141,4
2020-07-04,Martin,Texas,48317,18,1
2020-07-05,Martin,Florida,12085,2320,28
2020-07-05,Martin,Indiana,18101,22,0
2020-07-05,Martin,Kentucky,21159,8,0
2020-07-05,Martin,Minnesota,27091,168,5
2020-07-05,Martin,North Carolina,37117,143,4
2020-07-05,Martin,Texas,48317,18,1
2020-07-06,Martin,Florida,12085,2422,29
2020-07-06,Martin,Indiana,18101,22,0
2020-07-06,Martin,Kentucky,21159,9,0
2020-07-06,Martin,Minnesota,27091,169,5
2020-07-06,Martin,North Carolina,37117,145,4
2020-07-06,Martin,Texas,48317,18,1
2020-07-07,Martin,Florida,12085,2461,31
2020-07-07,Martin,Indiana,18101,23,0
2020-07-07,Martin,Kentucky,21159,9,0
2020-07-07,Martin,Minnesota,27091,171,5
2020-07-07,Martin,North Carolina,37117,148,4
2020-07-07,Martin,Texas,48317,19,1
2020-07-08,Martin,Florida,12085,2503,34
2020-07-08,Martin,Indiana,18101,22,0
2020-07-08,Martin,Kentucky,21159,10,0
2020-07-08,Martin,Minnesota,27091,171,5
2020-07-08,Martin,North Carolina,37117,152,5
2020-07-08,Martin,Texas,48317,21,1
2020-07-09,Martin,Florida,12085,2545,36
2020-07-09,Martin,Indiana,18101,22,0
2020-07-09,Martin,Kentucky,21159,10,0
2020-07-09,Martin,Minnesota,27091,171,5
2020-07-09,Martin,North Carolina,37117,157,5
2020-07-09,Martin,Texas,48317,22,1
2020-07-10,Martin,Florida,12085,2634,38
2020-07-10,Martin,Indiana,18101,24,0
2020-07-10,Martin,Kentucky,21159,12,0
2020-07-10,Martin,Minnesota,27091,172,5
2020-07-10,Martin,North Carolina,37117,163,5
2020-07-10,Martin,Texas,48317,24,1
2020-07-11,Martin,Florida,12085,2680,40
2020-07-11,Martin,Indiana,18101,26,0
2020-07-11,Martin,Kentucky,21159,12,0
2020-07-11,Martin,Minnesota,27091,175,5
2020-07-11,Martin,North Carolina,37117,165,5
2020-07-11,Martin,Texas,48317,25,1
2020-07-12,Martin,Florida,12085,2734,42
2020-07-12,Martin,Indiana,18101,26,0
2020-07-12,Martin,Kentucky,21159,12,0
2020-07-12,Martin,Minnesota,27091,175,5
2020-07-12,Martin,North Carolina,37117,170,5
2020-07-12,Martin,Texas,48317,25,1
2020-07-13,Martin,Florida,12085,2864,42
2020-07-13,Martin,Indiana,18101,26,0
2020-07-13,Martin,Kentucky,21159,12,0
2020-07-13,Martin,Minnesota,27091,175,5
2020-07-13,Martin,North Carolina,37117,171,5
2020-07-13,Martin,Texas,48317,25,1
