2020-03-09,Monroe,Pennsylvania,42089,1,0
2020-03-10,Monroe,Pennsylvania,42089,1,0
2020-03-11,Monroe,New York,36055,1,0
2020-03-11,Monroe,Pennsylvania,42089,2,0
2020-03-12,Monroe,New York,36055,1,0
2020-03-12,Monroe,Pennsylvania,42089,2,0
2020-03-13,Monroe,New York,36055,1,0
2020-03-13,Monroe,Pennsylvania,42089,3,0
2020-03-14,Monroe,Michigan,26115,1,0
2020-03-14,Monroe,New York,36055,2,0
2020-03-14,Monroe,Pennsylvania,42089,3,0
2020-03-15,Monroe,Michigan,26115,1,0
2020-03-15,Monroe,New York,36055,2,0
2020-03-15,Monroe,Pennsylvania,42089,7,0
2020-03-16,Monroe,Michigan,26115,1,0
2020-03-16,Monroe,Mississippi,28095,1,0
2020-03-16,Monroe,New York,36055,10,0
2020-03-16,Monroe,Pennsylvania,42089,9,0
2020-03-17,Monroe,Michigan,26115,1,0
2020-03-17,Monroe,Mississippi,28095,1,0
2020-03-17,Monroe,New York,36055,11,0
2020-03-17,Monroe,Pennsylvania,42089,9,0
2020-03-18,Monroe,Michigan,26115,1,0
2020-03-18,Monroe,Mississippi,28095,1,0
2020-03-18,Monroe,New York,36055,14,0
2020-03-18,Monroe,Pennsylvania,42089,9,0
2020-03-19,Monroe,Michigan,26115,3,0
2020-03-19,Monroe,Mississippi,28095,1,0
2020-03-19,Monroe,New York,36055,28,0
2020-03-19,Monroe,Pennsylvania,42089,15,0
2020-03-20,Monroe,Florida,12087,1,0
2020-03-20,Monroe,Georgia,13207,1,0
2020-03-20,Monroe,Michigan,26115,3,0
2020-03-20,Monroe,Mississippi,28095,2,0
2020-03-20,Monroe,New York,36055,32,0
2020-03-20,Monroe,Pennsylvania,42089,19,0
2020-03-21,Monroe,Florida,12087,1,0
2020-03-21,Monroe,Georgia,13207,1,0
2020-03-21,Monroe,Michigan,26115,3,0
2020-03-21,Monroe,Mississippi,28095,2,0
2020-03-21,Monroe,New York,36055,42,0
2020-03-21,Monroe,Pennsylvania,42089,25,0
2020-03-21,Monroe,Tennessee,47123,3,0
2020-03-22,Monroe,Florida,12087,1,0
2020-03-22,Monroe,Georgia,13207,1,0
2020-03-22,Monroe,Indiana,18105,1,0
2020-03-22,Monroe,Michigan,26115,6,0
2020-03-22,Monroe,Mississippi,28095,2,0
2020-03-22,Monroe,New York,36055,57,0
2020-03-22,Monroe,Pennsylvania,42089,31,0
2020-03-22,Monroe,Tennessee,47123,3,0
2020-03-23,Monroe,Florida,12087,2,0
2020-03-23,Monroe,Georgia,13207,1,0
2020-03-23,Monroe,Illinois,17133,1,0
2020-03-23,Monroe,Indiana,18105,3,0
2020-03-23,Monroe,Michigan,26115,7,0
2020-03-23,Monroe,Mississippi,28095,2,0
2020-03-23,Monroe,New York,36055,76,0
2020-03-23,Monroe,Pennsylvania,42089,43,1
2020-03-23,Monroe,Tennessee,47123,3,0
2020-03-24,Monroe,Florida,12087,3,0
2020-03-24,Monroe,Georgia,13207,3,0
2020-03-24,Monroe,Illinois,17133,1,0
2020-03-24,Monroe,Indiana,18105,3,0
2020-03-24,Monroe,Michigan,26115,12,0
2020-03-24,Monroe,Mississippi,28095,3,0
2020-03-24,Monroe,New York,36055,96,0
2020-03-24,Monroe,Pennsylvania,42089,45,1
2020-03-24,Monroe,Tennessee,47123,3,0
2020-03-25,Monroe,Florida,12087,11,0
2020-03-25,Monroe,Georgia,13207,3,0
2020-03-25,Monroe,Illinois,17133,2,0
2020-03-25,Monroe,Indiana,18105,4,0
2020-03-25,Monroe,Michigan,26115,18,0
2020-03-25,Monroe,Mississippi,28095,3,0
2020-03-25,Monroe,New York,36055,118,0
2020-03-25,Monroe,Pennsylvania,42089,51,1
2020-03-25,Monroe,Tennessee,47123,3,0
2020-03-25,Monroe,Wisconsin,55081,1,0
2020-03-26,Monroe,Florida,12087,14,0
2020-03-26,Monroe,Georgia,13207,3,0
2020-03-26,Monroe,Illinois,17133,3,0
2020-03-26,Monroe,Indiana,18105,6,0
2020-03-26,Monroe,Michigan,26115,21,0
2020-03-26,Monroe,Mississippi,28095,3,0
2020-03-26,Monroe,New York,36055,139,3
2020-03-26,Monroe,Pennsylvania,42089,67,2
2020-03-26,Monroe,Tennessee,47123,3,0
2020-03-26,Monroe,Wisconsin,55081,1,0
2020-03-27,Monroe,Florida,12087,19,0
2020-03-27,Monroe,Georgia,13207,3,0
2020-03-27,Monroe,Illinois,17133,3,0
2020-03-27,Monroe,Indiana,18105,9,0
2020-03-27,Monroe,Michigan,26115,28,0
2020-03-27,Monroe,Mississippi,28095,3,0
2020-03-27,Monroe,New York,36055,160,4
2020-03-27,Monroe,Pennsylvania,42089,98,2
2020-03-27,Monroe,Tennessee,47123,3,0
2020-03-27,Monroe,Wisconsin,55081,1,0
2020-03-28,Monroe,Alabama,01099,1,0
2020-03-28,Monroe,Florida,12087,22,0
2020-03-28,Monroe,Georgia,13207,3,0
2020-03-28,Monroe,Illinois,17133,3,0
2020-03-28,Monroe,Indiana,18105,16,0
2020-03-28,Monroe,Michigan,26115,34,0
2020-03-28,Monroe,Mississippi,28095,3,0
2020-03-28,Monroe,New York,36055,202,5
2020-03-28,Monroe,Pennsylvania,42089,106,2
2020-03-28,Monroe,Tennessee,47123,3,0
2020-03-28,Monroe,Wisconsin,55081,1,0
2020-03-29,Monroe,Alabama,01099,1,0
2020-03-29,Monroe,Florida,12087,23,0
2020-03-29,Monroe,Georgia,13207,3,0
2020-03-29,Monroe,Illinois,17133,3,0
2020-03-29,Monroe,Indiana,18105,22,0
2020-03-29,Monroe,Michigan,26115,38,0
2020-03-29,Monroe,Mississippi,28095,5,0
2020-03-29,Monroe,New York,36055,219,6
2020-03-29,Monroe,Pennsylvania,42089,135,3
2020-03-29,Monroe,Tennessee,47123,3,0
2020-03-29,Monroe,Wisconsin,55081,1,0
2020-03-30,Monroe,Alabama,01099,1,0
2020-03-30,Monroe,Florida,12087,26,0
2020-03-30,Monroe,Georgia,13207,3,0
2020-03-30,Monroe,Illinois,17133,3,0
2020-03-30,Monroe,Indiana,18105,26,0
2020-03-30,Monroe,Michigan,26115,45,0
2020-03-30,Monroe,Mississippi,28095,5,0
2020-03-30,Monroe,New York,36055,242,6
2020-03-30,Monroe,Pennsylvania,42089,182,7
2020-03-30,Monroe,Tennessee,47123,3,0
2020-03-30,Monroe,Wisconsin,55081,1,0
2020-03-31,Monroe,Alabama,01099,1,0
2020-03-31,Monroe,Florida,12087,27,0
2020-03-31,Monroe,Georgia,13207,5,0
2020-03-31,Monroe,Illinois,17133,3,0
2020-03-31,Monroe,Indiana,18105,30,0
2020-03-31,Monroe,Michigan,26115,49,0
2020-03-31,Monroe,Mississippi,28095,6,0
2020-03-31,Monroe,New York,36055,300,9
2020-03-31,Monroe,Pennsylvania,42089,236,7
2020-03-31,Monroe,Tennessee,47123,5,0
2020-03-31,Monroe,Wisconsin,55081,2,0
2020-04-01,Monroe,Alabama,01099,3,0
2020-04-01,Monroe,Florida,12087,30,0
2020-04-01,Monroe,Georgia,13207,6,0
2020-04-01,Monroe,Illinois,17133,3,0
2020-04-01,Monroe,Indiana,18105,33,0
2020-04-01,Monroe,Michigan,26115,58,0
2020-04-01,Monroe,Mississippi,28095,7,0
2020-04-01,Monroe,New York,36055,349,9
2020-04-01,Monroe,Pennsylvania,42089,278,8
2020-04-01,Monroe,Tennessee,47123,5,0
2020-04-01,Monroe,Wisconsin,55081,2,0
2020-04-02,Monroe,Alabama,01099,3,0
2020-04-02,Monroe,Arkansas,05095,1,0
2020-04-02,Monroe,Florida,12087,38,1
2020-04-02,Monroe,Georgia,13207,6,0
2020-04-02,Monroe,Illinois,17133,4,0
2020-04-02,Monroe,Indiana,18105,36,0
2020-04-02,Monroe,Michigan,26115,79,0
2020-04-02,Monroe,Mississippi,28095,11,1
2020-04-02,Monroe,New York,36055,420,10
2020-04-02,Monroe,Pennsylvania,42089,321,10
2020-04-02,Monroe,Tennessee,47123,5,0
2020-04-02,Monroe,Wisconsin,55081,3,0
2020-04-03,Monroe,Alabama,01099,5,0
2020-04-03,Monroe,Arkansas,05095,1,0
2020-04-03,Monroe,Florida,12087,40,1
2020-04-03,Monroe,Georgia,13207,7,0
2020-04-03,Monroe,Illinois,17133,8,0
2020-04-03,Monroe,Indiana,18105,40,0
2020-04-03,Monroe,Michigan,26115,95,0
2020-04-03,Monroe,Mississippi,28095,12,1
2020-04-03,Monroe,New York,36055,464,14
2020-04-03,Monroe,Pennsylvania,42089,397,10
2020-04-03,Monroe,Tennessee,47123,5,0
2020-04-03,Monroe,Wisconsin,55081,3,0
2020-04-04,Monroe,Alabama,01099,5,0
2020-04-04,Monroe,Arkansas,05095,1,0
2020-04-04,Monroe,Florida,12087,42,2
2020-04-04,Monroe,Georgia,13207,7,1
2020-04-04,Monroe,Illinois,17133,9,0
2020-04-04,Monroe,Indiana,18105,45,0
2020-04-04,Monroe,Michigan,26115,101,0
2020-04-04,Monroe,Mississippi,28095,12,1
2020-04-04,Monroe,New York,36055,512,17
2020-04-04,Monroe,Pennsylvania,42089,484,11
2020-04-04,Monroe,Tennessee,47123,6,0
2020-04-04,Monroe,Wisconsin,55081,5,0
2020-04-05,Monroe,Alabama,01099,5,0
2020-04-05,Monroe,Arkansas,05095,1,0
2020-04-05,Monroe,Florida,12087,44,2
2020-04-05,Monroe,Georgia,13207,9,1
2020-04-05,Monroe,Illinois,17133,10,0
2020-04-05,Monroe,Indiana,18105,48,0
2020-04-05,Monroe,Kentucky,21171,1,0
2020-04-05,Monroe,Michigan,26115,108,0
2020-04-05,Monroe,Mississippi,28095,13,1
2020-04-05,Monroe,New York,36055,548,19
2020-04-05,Monroe,Ohio,39111,2,0
2020-04-05,Monroe,Pennsylvania,42089,528,11
2020-04-05,Monroe,Tennessee,47123,6,0
2020-04-05,Monroe,Wisconsin,55081,6,0
2020-04-06,Monroe,Alabama,01099,5,0
2020-04-06,Monroe,Arkansas,05095,1,0
2020-04-06,Monroe,Florida,12087,46,2
2020-04-06,Monroe,Georgia,13207,10,1
2020-04-06,Monroe,Illinois,17133,11,0
2020-04-06,Monroe,Indiana,18105,51,0
2020-04-06,Monroe,Kentucky,21171,1,0
2020-04-06,Monroe,Michigan,26115,117,0
2020-04-06,Monroe,Mississippi,28095,16,1
2020-04-06,Monroe,New York,36055,574,23
2020-04-06,Monroe,Ohio,39111,2,0
2020-04-06,Monroe,Pennsylvania,42089,572,11
2020-04-06,Monroe,Tennessee,47123,6,0
2020-04-06,Monroe,Wisconsin,55081,7,0
2020-04-07,Monroe,Alabama,01099,5,1
2020-04-07,Monroe,Arkansas,05095,1,0
2020-04-07,Monroe,Florida,12087,49,2
2020-04-07,Monroe,Georgia,13207,13,1
2020-04-07,Monroe,Illinois,17133,12,1
2020-04-07,Monroe,Indiana,18105,54,0
2020-04-07,Monroe,Kentucky,21171,2,0
2020-04-07,Monroe,Michigan,26115,129,0
2020-04-07,Monroe,Mississippi,28095,18,1
2020-04-07,Monroe,New York,36055,596,31
2020-04-07,Monroe,Ohio,39111,2,0
2020-04-07,Monroe,Pennsylvania,42089,610,12
2020-04-07,Monroe,Tennessee,47123,6,0
2020-04-07,Monroe,Wisconsin,55081,5,0
2020-04-08,Monroe,Alabama,01099,6,1
2020-04-08,Monroe,Arkansas,05095,1,0
2020-04-08,Monroe,Florida,12087,52,3
2020-04-08,Monroe,Georgia,13207,12,1
2020-04-08,Monroe,Illinois,17133,20,1
2020-04-08,Monroe,Indiana,18105,60,0
2020-04-08,Monroe,Kentucky,21171,2,0
2020-04-08,Monroe,Michigan,26115,152,0
2020-04-08,Monroe,Mississippi,28095,19,1
2020-04-08,Monroe,New York,36055,651,27
2020-04-08,Monroe,Ohio,39111,2,0
2020-04-08,Monroe,Pennsylvania,42089,671,17
2020-04-08,Monroe,Tennessee,47123,6,0
2020-04-08,Monroe,Wisconsin,55081,5,0
2020-04-09,Monroe,Alabama,01099,6,1
2020-04-09,Monroe,Arkansas,05095,1,0
2020-04-09,Monroe,Florida,12087,53,3
2020-04-09,Monroe,Georgia,13207,12,1
2020-04-09,Monroe,Illinois,17133,35,1
2020-04-09,Monroe,Indiana,18105,61,0
2020-04-09,Monroe,Kentucky,21171,2,0
2020-04-09,Monroe,Michigan,26115,165,1
2020-04-09,Monroe,Mississippi,28095,24,1
2020-04-09,Monroe,New York,36055,698,31
2020-04-09,Monroe,Ohio,39111,2,0
2020-04-09,Monroe,Pennsylvania,42089,716,19
2020-04-09,Monroe,Tennessee,47123,7,0
2020-04-09,Monroe,Wisconsin,55081,6,0
2020-04-10,Monroe,Alabama,01099,6,1
2020-04-10,Monroe,Arkansas,05095,1,0
2020-04-10,Monroe,Florida,12087,55,3
2020-04-10,Monroe,Georgia,13207,12,1
2020-04-10,Monroe,Illinois,17133,42,1
2020-04-10,Monroe,Indiana,18105,70,0
2020-04-10,Monroe,Kentucky,21171,2,0
2020-04-10,Monroe,Michigan,26115,174,4
2020-04-10,Monroe,Mississippi,28095,25,1
2020-04-10,Monroe,New York,36055,742,35
2020-04-10,Monroe,Ohio,39111,2,0
2020-04-10,Monroe,Pennsylvania,42089,752,19
2020-04-10,Monroe,Tennessee,47123,8,0
2020-04-10,Monroe,Wisconsin,55081,8,0
2020-04-11,Monroe,Alabama,01099,6,1
2020-04-11,Monroe,Arkansas,05095,1,0
2020-04-11,Monroe,Florida,12087,59,3
2020-04-11,Monroe,Georgia,13207,12,1
2020-04-11,Monroe,Illinois,17133,43,1
2020-04-11,Monroe,Indiana,18105,75,0
2020-04-11,Monroe,Kentucky,21171,2,0
2020-04-11,Monroe,Michigan,26115,183,7
2020-04-11,Monroe,Mississippi,28095,31,2
2020-04-11,Monroe,New York,36055,767,42
2020-04-11,Monroe,Ohio,39111,2,0
2020-04-11,Monroe,Pennsylvania,42089,774,22
2020-04-11,Monroe,Tennessee,47123,8,0
2020-04-11,Monroe,West Virginia,54063,1,0
2020-04-11,Monroe,Wisconsin,55081,8,0
2020-04-12,Monroe,Alabama,01099,6,1
2020-04-12,Monroe,Arkansas,05095,2,0
2020-04-12,Monroe,Florida,12087,59,3
2020-04-12,Monroe,Georgia,13207,12,1
2020-04-12,Monroe,Illinois,17133,46,1
2020-04-12,Monroe,Indiana,18105,83,1
2020-04-12,Monroe,Kentucky,21171,2,0
2020-04-12,Monroe,Michigan,26115,183,7
2020-04-12,Monroe,Mississippi,28095,36,2
2020-04-12,Monroe,New York,36055,798,42
2020-04-12,Monroe,Ohio,39111,2,0
2020-04-12,Monroe,Pennsylvania,42089,795,23
2020-04-12,Monroe,Tennessee,47123,8,0
2020-04-12,Monroe,West Virginia,54063,1,0
2020-04-12,Monroe,Wisconsin,55081,8,0
2020-04-13,Monroe,Alabama,01099,7,1
2020-04-13,Monroe,Arkansas,05095,2,0
2020-04-13,Monroe,Florida,12087,64,3
2020-04-13,Monroe,Georgia,13207,12,1
2020-04-13,Monroe,Illinois,17133,46,1
2020-04-13,Monroe,Indiana,18105,87,1
2020-04-13,Monroe,Kentucky,21171,2,0
2020-04-13,Monroe,Michigan,26115,190,7
2020-04-13,Monroe,Mississippi,28095,37,2
2020-04-13,Monroe,New York,36055,823,43
2020-04-13,Monroe,Ohio,39111,2,0
2020-04-13,Monroe,Pennsylvania,42089,816,24
2020-04-13,Monroe,Tennessee,47123,8,0
2020-04-13,Monroe,West Virginia,54063,1,0
2020-04-13,Monroe,Wisconsin,55081,8,0
2020-04-14,Monroe,Alabama,01099,7,1
2020-04-14,Monroe,Arkansas,05095,2,0
2020-04-14,Monroe,Florida,12087,64,3
2020-04-14,Monroe,Georgia,13207,13,1
2020-04-14,Monroe,Illinois,17133,47,3
2020-04-14,Monroe,Indiana,18105,91,1
2020-04-14,Monroe,Kentucky,21171,3,0
2020-04-14,Monroe,Michigan,26115,196,8
2020-04-14,Monroe,Mississippi,28095,38,2
2020-04-14,Monroe,New York,36055,850,47
2020-04-14,Monroe,Ohio,39111,2,0
2020-04-14,Monroe,Pennsylvania,42089,847,27
2020-04-14,Monroe,Tennessee,47123,9,0
2020-04-14,Monroe,West Virginia,54063,1,0
2020-04-14,Monroe,Wisconsin,55081,8,0
2020-04-15,Monroe,Alabama,01099,7,1
2020-04-15,Monroe,Arkansas,05095,2,0
2020-04-15,Monroe,Florida,12087,66,3
2020-04-15,Monroe,Georgia,13207,14,1
2020-04-15,Monroe,Illinois,17133,49,4
2020-04-15,Monroe,Indiana,18105,95,2
2020-04-15,Monroe,Kentucky,21171,3,0
2020-04-15,Monroe,Michigan,26115,211,9
2020-04-15,Monroe,Mississippi,28095,46,2
2020-04-15,Monroe,New York,36055,884,48
2020-04-15,Monroe,Ohio,39111,2,0
2020-04-15,Monroe,Pennsylvania,42089,872,28
2020-04-15,Monroe,Tennessee,47123,9,0
2020-04-15,Monroe,West Virginia,54063,1,0
2020-04-15,Monroe,Wisconsin,55081,10,0
2020-04-16,Monroe,Alabama,01099,7,1
2020-04-16,Monroe,Arkansas,05095,2,0
2020-04-16,Monroe,Florida,12087,66,3
2020-04-16,Monroe,Georgia,13207,15,1
2020-04-16,Monroe,Illinois,17133,50,5
2020-04-16,Monroe,Indiana,18105,102,2
2020-04-16,Monroe,Kentucky,21171,3,0
2020-04-16,Monroe,Michigan,26115,217,10
2020-04-16,Monroe,Mississippi,28095,54,3
2020-04-16,Monroe,New York,36055,932,49
2020-04-16,Monroe,Ohio,39111,2,0
2020-04-16,Monroe,Pennsylvania,42089,898,29
2020-04-16,Monroe,Tennessee,47123,9,1
2020-04-16,Monroe,West Virginia,54063,2,0
2020-04-16,Monroe,Wisconsin,55081,12,0
2020-04-17,Monroe,Alabama,01099,7,1
2020-04-17,Monroe,Arkansas,05095,2,0
2020-04-17,Monroe,Florida,12087,68,3
2020-04-17,Monroe,Georgia,13207,15,1
2020-04-17,Monroe,Illinois,17133,52,6
2020-04-17,Monroe,Indiana,18105,108,3
2020-04-17,Monroe,Kentucky,21171,3,0
2020-04-17,Monroe,Michigan,26115,223,10
2020-04-17,Monroe,Mississippi,28095,58,3
2020-04-17,Monroe,New York,36055,975,49
2020-04-17,Monroe,Ohio,39111,2,0
2020-04-17,Monroe,Pennsylvania,42089,929,29
2020-04-17,Monroe,Tennessee,47123,10,1
2020-04-17,Monroe,West Virginia,54063,2,0
2020-04-17,Monroe,Wisconsin,55081,13,0
2020-04-18,Monroe,Alabama,01099,8,0
2020-04-18,Monroe,Arkansas,05095,3,0
2020-04-18,Monroe,Florida,12087,73,3
2020-04-18,Monroe,Georgia,13207,15,1
2020-04-18,Monroe,Illinois,17133,52,7
2020-04-18,Monroe,Indiana,18105,113,4
2020-04-18,Monroe,Kentucky,21171,3,0
2020-04-18,Monroe,Michigan,26115,224,10
2020-04-18,Monroe,Mississippi,28095,62,4
2020-04-18,Monroe,New York,36055,1008,49
2020-04-18,Monroe,Ohio,39111,2,0
2020-04-18,Monroe,Pennsylvania,42089,943,34
2020-04-18,Monroe,Tennessee,47123,10,1
2020-04-18,Monroe,West Virginia,54063,4,0
2020-04-18,Monroe,Wisconsin,55081,13,0
2020-04-19,Monroe,Alabama,01099,9,1
2020-04-19,Monroe,Arkansas,05095,3,0
2020-04-19,Monroe,Florida,12087,73,3
2020-04-19,Monroe,Georgia,13207,15,1
2020-04-19,Monroe,Illinois,17133,53,7
2020-04-19,Monroe,Indiana,18105,114,4
2020-04-19,Monroe,Kentucky,21171,3,0
2020-04-19,Monroe,Michigan,26115,233,10
2020-04-19,Monroe,Mississippi,28095,68,5
2020-04-19,Monroe,New York,36055,1032,61
2020-04-19,Monroe,Ohio,39111,2,0
2020-04-19,Monroe,Pennsylvania,42089,963,38
2020-04-19,Monroe,Tennessee,47123,10,1
2020-04-19,Monroe,West Virginia,54063,5,0
2020-04-19,Monroe,Wisconsin,55081,13,0
2020-04-20,Monroe,Alabama,01099,9,1
2020-04-20,Monroe,Arkansas,05095,4,0
2020-04-20,Monroe,Florida,12087,73,3
2020-04-20,Monroe,Georgia,13207,15,1
2020-04-20,Monroe,Illinois,17133,54,7
2020-04-20,Monroe,Indiana,18105,114,4
2020-04-20,Monroe,Kentucky,21171,3,0
2020-04-20,Monroe,Michigan,26115,236,10
2020-04-20,Monroe,Mississippi,28095,75,5
2020-04-20,Monroe,New York,36055,1054,66
2020-04-20,Monroe,Ohio,39111,2,0
2020-04-20,Monroe,Pennsylvania,42089,970,39
2020-04-20,Monroe,Tennessee,47123,11,1
2020-04-20,Monroe,West Virginia,54063,5,0
2020-04-20,Monroe,Wisconsin,55081,13,0
2020-04-21,Monroe,Alabama,01099,9,1
2020-04-21,Monroe,Arkansas,05095,4,0
2020-04-21,Monroe,Florida,12087,73,3
2020-04-21,Monroe,Georgia,13207,15,1
2020-04-21,Monroe,Illinois,17133,55,7
2020-04-21,Monroe,Indiana,18105,115,5
2020-04-21,Monroe,Kentucky,21171,3,0
2020-04-21,Monroe,Michigan,26115,241,10
2020-04-21,Monroe,Mississippi,28095,95,8
2020-04-21,Monroe,New York,36055,1070,69
2020-04-21,Monroe,Ohio,39111,2,0
2020-04-21,Monroe,Pennsylvania,42089,995,46
2020-04-21,Monroe,Tennessee,47123,11,1
2020-04-21,Monroe,West Virginia,54063,5,0
2020-04-21,Monroe,Wisconsin,55081,13,0
2020-04-22,Monroe,Alabama,01099,9,1
2020-04-22,Monroe,Arkansas,05095,4,0
2020-04-22,Monroe,Florida,12087,73,3
2020-04-22,Monroe,Georgia,13207,15,1
2020-04-22,Monroe,Illinois,17133,58,8
2020-04-22,Monroe,Indiana,18105,118,5
2020-04-22,Monroe,Kentucky,21171,3,0
2020-04-22,Monroe,Michigan,26115,247,10
2020-04-22,Monroe,Mississippi,28095,99,9
2020-04-22,Monroe,New York,36055,1112,72
2020-04-22,Monroe,Ohio,39111,2,0
2020-04-22,Monroe,Pennsylvania,42089,1015,48
2020-04-22,Monroe,Tennessee,47123,11,1
2020-04-22,Monroe,West Virginia,54063,5,0
2020-04-22,Monroe,Wisconsin,55081,13,0
2020-04-23,Monroe,Alabama,01099,9,1
2020-04-23,Monroe,Arkansas,05095,4,0
2020-04-23,Monroe,Florida,12087,74,3
2020-04-23,Monroe,Georgia,13207,18,1
2020-04-23,Monroe,Illinois,17133,60,8
2020-04-23,Monroe,Indiana,18105,118,6
2020-04-23,Monroe,Kentucky,21171,3,0
2020-04-23,Monroe,Michigan,26115,255,10
2020-04-23,Monroe,Mississippi,28095,109,9
2020-04-23,Monroe,New York,36055,1152,77
2020-04-23,Monroe,Ohio,39111,2,0
2020-04-23,Monroe,Pennsylvania,42089,1024,46
2020-04-23,Monroe,Tennessee,47123,12,1
2020-04-23,Monroe,West Virginia,54063,5,0
2020-04-23,Monroe,Wisconsin,55081,14,0
2020-04-24,Monroe,Alabama,01099,11,1
2020-04-24,Monroe,Arkansas,05095,4,0
2020-04-24,Monroe,Florida,12087,77,3
2020-04-24,Monroe,Georgia,13207,19,1
2020-04-24,Monroe,Illinois,17133,62,8
2020-04-24,Monroe,Indiana,18105,118,6
2020-04-24,Monroe,Kentucky,21171,3,0
2020-04-24,Monroe,Michigan,26115,262,11
2020-04-24,Monroe,Mississippi,28095,117,9
2020-04-24,Monroe,New York,36055,1199,78
2020-04-24,Monroe,Ohio,39111,2,0
2020-04-24,Monroe,Pennsylvania,42089,1037,46
2020-04-24,Monroe,Tennessee,47123,12,1
2020-04-24,Monroe,West Virginia,54063,5,0
2020-04-24,Monroe,Wisconsin,55081,14,0
2020-04-25,Monroe,Alabama,01099,11,1
2020-04-25,Monroe,Arkansas,05095,4,0
2020-04-25,Monroe,Florida,12087,77,3
2020-04-25,Monroe,Georgia,13207,19,1
2020-04-25,Monroe,Illinois,17133,63,10
2020-04-25,Monroe,Indiana,18105,120,6
2020-04-25,Monroe,Kentucky,21171,3,0
2020-04-25,Monroe,Michigan,26115,267,11
2020-04-25,Monroe,Mississippi,28095,123,9
2020-04-25,Monroe,New York,36055,1285,82
2020-04-25,Monroe,Ohio,39111,2,0
2020-04-25,Monroe,Pennsylvania,42089,1054,46
2020-04-25,Monroe,Tennessee,47123,12,1
2020-04-25,Monroe,West Virginia,54063,5,0
2020-04-25,Monroe,Wisconsin,55081,14,0
2020-04-26,Monroe,Alabama,01099,12,1
2020-04-26,Monroe,Arkansas,05095,4,0
2020-04-26,Monroe,Florida,12087,78,3
2020-04-26,Monroe,Georgia,13207,20,1
2020-04-26,Monroe,Illinois,17133,64,10
2020-04-26,Monroe,Indiana,18105,120,7
2020-04-26,Monroe,Kentucky,21171,4,0
2020-04-26,Monroe,Michigan,26115,273,12
2020-04-26,Monroe,Mississippi,28095,134,9
2020-04-26,Monroe,New York,36055,1316,85
2020-04-26,Monroe,Ohio,39111,2,0
2020-04-26,Monroe,Pennsylvania,42089,1065,46
2020-04-26,Monroe,Tennessee,47123,13,1
2020-04-26,Monroe,West Virginia,54063,5,0
2020-04-26,Monroe,Wisconsin,55081,14,0
2020-04-27,Monroe,Alabama,01099,11,1
2020-04-27,Monroe,Arkansas,05095,4,0
2020-04-27,Monroe,Florida,12087,79,3
2020-04-27,Monroe,Georgia,13207,21,1
2020-04-27,Monroe,Illinois,17133,64,10
2020-04-27,Monroe,Indiana,18105,120,7
2020-04-27,Monroe,Kentucky,21171,4,0
2020-04-27,Monroe,Michigan,26115,275,12
2020-04-27,Monroe,Mississippi,28095,144,9
2020-04-27,Monroe,New York,36055,1331,89
2020-04-27,Monroe,Ohio,39111,2,0
2020-04-27,Monroe,Pennsylvania,42089,1083,46
2020-04-27,Monroe,Tennessee,47123,15,1
2020-04-27,Monroe,West Virginia,54063,5,0
2020-04-27,Monroe,Wisconsin,55081,14,0
2020-04-28,Monroe,Alabama,01099,12,1
2020-04-28,Monroe,Arkansas,05095,4,0
2020-04-28,Monroe,Florida,12087,78,3
2020-04-28,Monroe,Georgia,13207,22,1
2020-04-28,Monroe,Illinois,17133,67,10
2020-04-28,Monroe,Indiana,18105,122,7
2020-04-28,Monroe,Kentucky,21171,4,0
2020-04-28,Monroe,Michigan,26115,277,12
2020-04-28,Monroe,Mississippi,28095,153,12
2020-04-28,Monroe,New York,36055,1371,91
2020-04-28,Monroe,Ohio,39111,2,0
2020-04-28,Monroe,Pennsylvania,42089,1097,48
2020-04-28,Monroe,Tennessee,47123,14,1
2020-04-28,Monroe,West Virginia,54063,5,0
2020-04-28,Monroe,Wisconsin,55081,14,1
2020-04-29,Monroe,Alabama,01099,12,1
2020-04-29,Monroe,Arkansas,05095,4,0
2020-04-29,Monroe,Florida,12087,78,3
2020-04-29,Monroe,Georgia,13207,23,3
2020-04-29,Monroe,Illinois,17133,69,10
2020-04-29,Monroe,Indiana,18105,122,8
2020-04-29,Monroe,Kentucky,21171,5,0
2020-04-29,Monroe,Michigan,26115,284,12
2020-04-29,Monroe,Mississippi,28095,157,13
2020-04-29,Monroe,New York,36055,1404,93
2020-04-29,Monroe,Ohio,39111,3,0
2020-04-29,Monroe,Pennsylvania,42089,1111,54
2020-04-29,Monroe,Tennessee,47123,16,1
2020-04-29,Monroe,West Virginia,54063,5,0
2020-04-29,Monroe,Wisconsin,55081,14,1
2020-04-30,Monroe,Alabama,01099,13,1
2020-04-30,Monroe,Arkansas,05095,4,0
2020-04-30,Monroe,Florida,12087,79,3
2020-04-30,Monroe,Georgia,13207,23,3
2020-04-30,Monroe,Illinois,17133,70,10
2020-04-30,Monroe,Indiana,18105,123,8
2020-04-30,Monroe,Kentucky,21171,5,0
2020-04-30,Monroe,Michigan,26115,287,12
2020-04-30,Monroe,Mississippi,28095,157,14
2020-04-30,Monroe,New York,36055,1441,93
2020-04-30,Monroe,Ohio,39111,3,0
2020-04-30,Monroe,Pennsylvania,42089,1127,54
2020-04-30,Monroe,Tennessee,47123,20,1
2020-04-30,Monroe,West Virginia,54063,5,0
2020-04-30,Monroe,Wisconsin,55081,14,1
2020-05-01,Monroe,Alabama,01099,13,1
2020-05-01,Monroe,Arkansas,05095,4,0
2020-05-01,Monroe,Florida,12087,79,3
2020-05-01,Monroe,Georgia,13207,24,3
2020-05-01,Monroe,Illinois,17133,71,10
2020-05-01,Monroe,Indiana,18105,126,8
2020-05-01,Monroe,Kentucky,21171,5,0
2020-05-01,Monroe,Michigan,26115,296,12
2020-05-01,Monroe,Mississippi,28095,161,16
2020-05-01,Monroe,New York,36055,1478,95
2020-05-01,Monroe,Ohio,39111,3,0
2020-05-01,Monroe,Pennsylvania,42089,1147,54
2020-05-01,Monroe,Tennessee,47123,21,1
2020-05-01,Monroe,West Virginia,54063,5,0
2020-05-01,Monroe,Wisconsin,55081,14,1
2020-05-02,Monroe,Alabama,01099,13,1
2020-05-02,Monroe,Arkansas,05095,4,0
2020-05-02,Monroe,Florida,12087,80,3
2020-05-02,Monroe,Georgia,13207,24,3
2020-05-02,Monroe,Illinois,17133,71,10
2020-05-02,Monroe,Indiana,18105,130,8
2020-05-02,Monroe,Kentucky,21171,5,0
2020-05-02,Monroe,Michigan,26115,303,12
2020-05-02,Monroe,Mississippi,28095,173,16
2020-05-02,Monroe,New York,36055,1534,96
2020-05-02,Monroe,Ohio,39111,4,0
2020-05-02,Monroe,Pennsylvania,42089,1165,55
2020-05-02,Monroe,Tennessee,47123,22,1
2020-05-02,Monroe,West Virginia,54063,5,0
2020-05-02,Monroe,Wisconsin,55081,14,1
2020-05-03,Monroe,Alabama,01099,13,1
2020-05-03,Monroe,Arkansas,05095,4,0
2020-05-03,Monroe,Florida,12087,80,3
2020-05-03,Monroe,Georgia,13207,24,3
2020-05-03,Monroe,Illinois,17133,75,11
2020-05-03,Monroe,Indiana,18105,130,8
2020-05-03,Monroe,Iowa,19135,1,0
2020-05-03,Monroe,Kentucky,21171,6,0
2020-05-03,Monroe,Michigan,26115,311,12
2020-05-03,Monroe,Mississippi,28095,175,16
2020-05-03,Monroe,New York,36055,1566,96
2020-05-03,Monroe,Ohio,39111,3,0
2020-05-03,Monroe,Pennsylvania,42089,1172,55
2020-05-03,Monroe,Tennessee,47123,21,1
2020-05-03,Monroe,West Virginia,54063,5,0
2020-05-03,Monroe,Wisconsin,55081,14,1
2020-05-04,Monroe,Alabama,01099,13,1
2020-05-04,Monroe,Arkansas,05095,4,0
2020-05-04,Monroe,Florida,12087,80,3
2020-05-04,Monroe,Georgia,13207,25,3
2020-05-04,Monroe,Illinois,17133,73,12
2020-05-04,Monroe,Indiana,18105,131,8
2020-05-04,Monroe,Iowa,19135,1,0
2020-05-04,Monroe,Kentucky,21171,6,0
2020-05-04,Monroe,Michigan,26115,320,13
2020-05-04,Monroe,Mississippi,28095,175,16
2020-05-04,Monroe,New York,36055,1595,97
2020-05-04,Monroe,Ohio,39111,4,0
2020-05-04,Monroe,Pennsylvania,42089,1173,55
2020-05-04,Monroe,Tennessee,47123,29,1
2020-05-04,Monroe,West Virginia,54063,5,0
2020-05-04,Monroe,Wisconsin,55081,14,1
2020-05-05,Monroe,Alabama,01099,13,1
2020-05-05,Monroe,Arkansas,05095,4,0
2020-05-05,Monroe,Florida,12087,80,3
2020-05-05,Monroe,Georgia,13207,30,4
2020-05-05,Monroe,Illinois,17133,74,11
2020-05-05,Monroe,Indiana,18105,132,8
2020-05-05,Monroe,Iowa,19135,1,0
2020-05-05,Monroe,Kentucky,21171,6,0
2020-05-05,Monroe,Michigan,26115,327,13
2020-05-05,Monroe,Mississippi,28095,177,16
2020-05-05,Monroe,New York,36055,1624,101
2020-05-05,Monroe,Ohio,39111,4,0
2020-05-05,Monroe,Pennsylvania,42089,1186,60
2020-05-05,Monroe,Tennessee,47123,32,1
2020-05-05,Monroe,West Virginia,54063,6,0
2020-05-05,Monroe,Wisconsin,55081,14,1
2020-05-06,Monroe,Alabama,01099,15,1
2020-05-06,Monroe,Arkansas,05095,4,0
2020-05-06,Monroe,Florida,12087,80,3
2020-05-06,Monroe,Georgia,13207,33,4
2020-05-06,Monroe,Illinois,17133,74,11
2020-05-06,Monroe,Indiana,18105,135,9
2020-05-06,Monroe,Iowa,19135,1,0
2020-05-06,Monroe,Kentucky,21171,6,0
2020-05-06,Monroe,Michigan,26115,354,15
2020-05-06,Monroe,Mississippi,28095,178,20
2020-05-06,Monroe,New York,36055,1655,130
2020-05-06,Monroe,Ohio,39111,4,0
2020-05-06,Monroe,Pennsylvania,42089,1190,60
2020-05-06,Monroe,Tennessee,47123,26,1
2020-05-06,Monroe,West Virginia,54063,6,0
2020-05-06,Monroe,Wisconsin,55081,14,1
2020-05-07,Monroe,Alabama,01099,15,1
2020-05-07,Monroe,Arkansas,05095,4,0
2020-05-07,Monroe,Florida,12087,80,3
2020-05-07,Monroe,Georgia,13207,34,4
2020-05-07,Monroe,Illinois,17133,77,11
2020-05-07,Monroe,Indiana,18105,137,9
2020-05-07,Monroe,Iowa,19135,2,0
2020-05-07,Monroe,Kentucky,21171,6,0
2020-05-07,Monroe,Michigan,26115,371,15
2020-05-07,Monroe,Mississippi,28095,188,20
2020-05-07,Monroe,New York,36055,1689,135
2020-05-07,Monroe,Ohio,39111,5,0
2020-05-07,Monroe,Pennsylvania,42089,1194,63
2020-05-07,Monroe,Tennessee,47123,26,1
2020-05-07,Monroe,West Virginia,54063,6,0
2020-05-07,Monroe,Wisconsin,55081,14,1
2020-05-08,Monroe,Alabama,01099,15,1
2020-05-08,Monroe,Arkansas,05095,4,0
2020-05-08,Monroe,Florida,12087,80,3
2020-05-08,Monroe,Georgia,13207,34,4
2020-05-08,Monroe,Illinois,17133,79,11
2020-05-08,Monroe,Indiana,18105,141,9
2020-05-08,Monroe,Iowa,19135,2,0
2020-05-08,Monroe,Kentucky,21171,6,0
2020-05-08,Monroe,Michigan,26115,383,16
2020-05-08,Monroe,Mississippi,28095,191,20
2020-05-08,Monroe,New York,36055,1736,136
2020-05-08,Monroe,Ohio,39111,8,0
2020-05-08,Monroe,Pennsylvania,42089,1198,63
2020-05-08,Monroe,Tennessee,47123,29,1
2020-05-08,Monroe,West Virginia,54063,6,0
2020-05-08,Monroe,Wisconsin,55081,14,1
2020-05-09,Monroe,Alabama,01099,15,1
2020-05-09,Monroe,Arkansas,05095,4,0
2020-05-09,Monroe,Florida,12087,89,3
2020-05-09,Monroe,Georgia,13207,34,4
2020-05-09,Monroe,Illinois,17133,79,11
2020-05-09,Monroe,Indiana,18105,142,9
2020-05-09,Monroe,Iowa,19135,4,0
2020-05-09,Monroe,Kentucky,21171,6,0
2020-05-09,Monroe,Michigan,26115,387,16
2020-05-09,Monroe,Mississippi,28095,200,20
2020-05-09,Monroe,New York,36055,1776,139
2020-05-09,Monroe,Ohio,39111,8,0
2020-05-09,Monroe,Pennsylvania,42089,1206,63
2020-05-09,Monroe,Tennessee,47123,30,1
2020-05-09,Monroe,West Virginia,54063,6,0
2020-05-09,Monroe,Wisconsin,55081,14,1
2020-05-10,Monroe,Alabama,01099,15,1
2020-05-10,Monroe,Arkansas,05095,5,0
2020-05-10,Monroe,Florida,12087,88,3
2020-05-10,Monroe,Georgia,13207,34,4
2020-05-10,Monroe,Illinois,17133,79,11
2020-05-10,Monroe,Indiana,18105,143,9
2020-05-10,Monroe,Iowa,19135,4,0
2020-05-10,Monroe,Kentucky,21171,6,0
2020-05-10,Monroe,Michigan,26115,389,16
2020-05-10,Monroe,Mississippi,28095,199,21
2020-05-10,Monroe,New York,36055,1822,143
2020-05-10,Monroe,Ohio,39111,10,0
2020-05-10,Monroe,Pennsylvania,42089,1218,64
2020-05-10,Monroe,Tennessee,47123,29,1
2020-05-10,Monroe,West Virginia,54063,6,0
2020-05-10,Monroe,Wisconsin,55081,14,1
2020-05-11,Monroe,Alabama,01099,15,1
2020-05-11,Monroe,Arkansas,05095,5,0
2020-05-11,Monroe,Florida,12087,92,3
2020-05-11,Monroe,Georgia,13207,35,4
2020-05-11,Monroe,Illinois,17133,79,11
2020-05-11,Monroe,Indiana,18105,145,9
2020-05-11,Monroe,Iowa,19135,8,0
2020-05-11,Monroe,Kentucky,21171,6,0
2020-05-11,Monroe,Michigan,26115,393,17
2020-05-11,Monroe,Mississippi,28095,199,21
2020-05-11,Monroe,New York,36055,1851,149
2020-05-11,Monroe,Ohio,39111,19,0
2020-05-11,Monroe,Pennsylvania,42089,1224,64
2020-05-11,Monroe,Tennessee,47123,31,1
2020-05-11,Monroe,West Virginia,54063,6,0
2020-05-11,Monroe,Wisconsin,55081,15,1
2020-05-12,Monroe,Alabama,01099,15,1
2020-05-12,Monroe,Arkansas,05095,5,0
2020-05-12,Monroe,Florida,12087,95,3
2020-05-12,Monroe,Georgia,13207,44,4
2020-05-12,Monroe,Illinois,17133,81,11
2020-05-12,Monroe,Indiana,18105,145,9
2020-05-12,Monroe,Iowa,19135,7,0
2020-05-12,Monroe,Kentucky,21171,6,0
2020-05-12,Monroe,Michigan,26115,399,18
2020-05-12,Monroe,Mississippi,28095,202,21
2020-05-12,Monroe,New York,36055,1891,151
2020-05-12,Monroe,Ohio,39111,22,0
2020-05-12,Monroe,Pennsylvania,42089,1229,64
2020-05-12,Monroe,Tennessee,47123,33,1
2020-05-12,Monroe,West Virginia,54063,6,0
2020-05-12,Monroe,Wisconsin,55081,15,1
2020-05-13,Monroe,Alabama,01099,18,2
2020-05-13,Monroe,Arkansas,05095,5,0
2020-05-13,Monroe,Florida,12087,96,3
2020-05-13,Monroe,Georgia,13207,44,4
2020-05-13,Monroe,Illinois,17133,81,11
2020-05-13,Monroe,Indiana,18105,145,10
2020-05-13,Monroe,Iowa,19135,18,0
2020-05-13,Monroe,Kentucky,21171,6,0
2020-05-13,Monroe,Michigan,26115,404,18
2020-05-13,Monroe,Mississippi,28095,203,21
2020-05-13,Monroe,New York,36055,1960,152
2020-05-13,Monroe,Ohio,39111,25,0
2020-05-13,Monroe,Pennsylvania,42089,1228,65
2020-05-13,Monroe,Tennessee,47123,33,1
2020-05-13,Monroe,West Virginia,54063,6,0
2020-05-13,Monroe,Wisconsin,55081,15,1
2020-05-14,Monroe,Alabama,01099,18,2
2020-05-14,Monroe,Arkansas,05095,5,0
2020-05-14,Monroe,Florida,12087,95,3
2020-05-14,Monroe,Georgia,13207,45,4
2020-05-14,Monroe,Illinois,17133,82,11
2020-05-14,Monroe,Indiana,18105,146,10
2020-05-14,Monroe,Iowa,19135,18,0
2020-05-14,Monroe,Kentucky,21171,6,0
2020-05-14,Monroe,Michigan,26115,415,18
2020-05-14,Monroe,Mississippi,28095,209,22
2020-05-14,Monroe,New York,36055,2020,154
2020-05-14,Monroe,Ohio,39111,28,0
2020-05-14,Monroe,Pennsylvania,42089,1240,69
2020-05-14,Monroe,Tennessee,47123,37,1
2020-05-14,Monroe,West Virginia,54063,6,0
2020-05-14,Monroe,Wisconsin,55081,15,1
2020-05-15,Monroe,Alabama,01099,18,2
2020-05-15,Monroe,Arkansas,05095,5,0
2020-05-15,Monroe,Florida,12087,95,3
2020-05-15,Monroe,Georgia,13207,47,4
2020-05-15,Monroe,Illinois,17133,83,11
2020-05-15,Monroe,Indiana,18105,144,9
2020-05-15,Monroe,Iowa,19135,18,1
2020-05-15,Monroe,Kentucky,21171,6,0
2020-05-15,Monroe,Michigan,26115,417,18
2020-05-15,Monroe,Mississippi,28095,215,23
2020-05-15,Monroe,New York,36055,2092,156
2020-05-15,Monroe,Ohio,39111,53,1
2020-05-15,Monroe,Pennsylvania,42089,1242,70
2020-05-15,Monroe,Tennessee,47123,38,1
2020-05-15,Monroe,West Virginia,54063,6,0
2020-05-15,Monroe,Wisconsin,55081,15,1
2020-05-16,Monroe,Alabama,01099,19,2
2020-05-16,Monroe,Arkansas,05095,5,0
2020-05-16,Monroe,Florida,12087,95,3
2020-05-16,Monroe,Georgia,13207,95,5
2020-05-16,Monroe,Illinois,17133,86,11
2020-05-16,Monroe,Indiana,18105,144,9
2020-05-16,Monroe,Iowa,19135,19,1
2020-05-16,Monroe,Kentucky,21171,6,0
2020-05-16,Monroe,Michigan,26115,420,18
2020-05-16,Monroe,Mississippi,28095,222,23
2020-05-16,Monroe,New York,36055,2193,165
2020-05-16,Monroe,Ohio,39111,53,1
2020-05-16,Monroe,Pennsylvania,42089,1248,70
2020-05-16,Monroe,Tennessee,47123,41,1
2020-05-16,Monroe,West Virginia,54063,6,0
2020-05-16,Monroe,Wisconsin,55081,15,1
2020-05-17,Monroe,Alabama,01099,20,2
2020-05-17,Monroe,Arkansas,05095,5,0
2020-05-17,Monroe,Florida,12087,100,3
2020-05-17,Monroe,Georgia,13207,95,6
2020-05-17,Monroe,Illinois,17133,87,11
2020-05-17,Monroe,Indiana,18105,150,9
2020-05-17,Monroe,Iowa,19135,19,1
2020-05-17,Monroe,Kentucky,21171,6,0
2020-05-17,Monroe,Michigan,26115,429,18
2020-05-17,Monroe,Mississippi,28095,222,23
2020-05-17,Monroe,New York,36055,2259,168
2020-05-17,Monroe,Ohio,39111,55,2
2020-05-17,Monroe,Pennsylvania,42089,1254,70
2020-05-17,Monroe,Tennessee,47123,41,1
2020-05-17,Monroe,West Virginia,54063,6,0
2020-05-17,Monroe,Wisconsin,55081,15,1
2020-05-18,Monroe,Alabama,01099,20,2
2020-05-18,Monroe,Arkansas,05095,5,0
2020-05-18,Monroe,Florida,12087,99,3
2020-05-18,Monroe,Georgia,13207,95,7
2020-05-18,Monroe,Illinois,17133,89,11
2020-05-18,Monroe,Indiana,18105,149,9
2020-05-18,Monroe,Iowa,19135,22,1
2020-05-18,Monroe,Kentucky,21171,6,0
2020-05-18,Monroe,Michigan,26115,433,18
2020-05-18,Monroe,Mississippi,28095,220,23
2020-05-18,Monroe,New York,36055,2304,170
2020-05-18,Monroe,Ohio,39111,56,2
2020-05-18,Monroe,Pennsylvania,42089,1259,88
2020-05-18,Monroe,Tennessee,47123,49,1
2020-05-18,Monroe,West Virginia,54063,6,0
2020-05-18,Monroe,Wisconsin,55081,15,1
2020-05-19,Monroe,Alabama,01099,20,2
2020-05-19,Monroe,Arkansas,05095,5,0
2020-05-19,Monroe,Florida,12087,99,3
2020-05-19,Monroe,Georgia,13207,102,7
2020-05-19,Monroe,Illinois,17133,90,11
2020-05-19,Monroe,Indiana,18105,152,9
2020-05-19,Monroe,Iowa,19135,22,1
2020-05-19,Monroe,Kentucky,21171,6,0
2020-05-19,Monroe,Michigan,26115,433,18
2020-05-19,Monroe,Mississippi,28095,220,23
2020-05-19,Monroe,New York,36055,2377,172
2020-05-19,Monroe,Ohio,39111,56,4
2020-05-19,Monroe,Pennsylvania,42089,1267,89
2020-05-19,Monroe,Tennessee,47123,51,2
2020-05-19,Monroe,West Virginia,54063,6,0
2020-05-19,Monroe,Wisconsin,55081,15,1
2020-05-20,Monroe,Alabama,01099,22,2
2020-05-20,Monroe,Arkansas,05095,5,0
2020-05-20,Monroe,Florida,12087,100,3
2020-05-20,Monroe,Georgia,13207,108,7
2020-05-20,Monroe,Illinois,17133,90,11
2020-05-20,Monroe,Indiana,18105,154,10
2020-05-20,Monroe,Iowa,19135,22,2
2020-05-20,Monroe,Kentucky,21171,6,0
2020-05-20,Monroe,Michigan,26115,438,18
2020-05-20,Monroe,Mississippi,28095,226,23
2020-05-20,Monroe,New York,36055,2466,174
2020-05-20,Monroe,Ohio,39111,59,4
2020-05-20,Monroe,Pennsylvania,42089,1278,93
2020-05-20,Monroe,Tennessee,47123,51,2
2020-05-20,Monroe,West Virginia,54063,6,0
2020-05-20,Monroe,Wisconsin,55081,15,1
2020-05-21,Monroe,Alabama,01099,23,2
2020-05-21,Monroe,Arkansas,05095,5,0
2020-05-21,Monroe,Florida,12087,100,3
2020-05-21,Monroe,Georgia,13207,113,8
2020-05-21,Monroe,Illinois,17133,90,11
2020-05-21,Monroe,Indiana,18105,156,10
2020-05-21,Monroe,Iowa,19135,27,2
2020-05-21,Monroe,Kentucky,21171,7,0
2020-05-21,Monroe,Michigan,26115,442,18
2020-05-21,Monroe,Mississippi,28095,229,23
2020-05-21,Monroe,New York,36055,2531,178
2020-05-21,Monroe,Ohio,39111,65,4
2020-05-21,Monroe,Pennsylvania,42089,1291,95
2020-05-21,Monroe,Tennessee,47123,55,2
2020-05-21,Monroe,West Virginia,54063,6,0
2020-05-21,Monroe,Wisconsin,55081,16,1
2020-05-22,Monroe,Alabama,01099,23,2
2020-05-22,Monroe,Arkansas,05095,5,0
2020-05-22,Monroe,Florida,12087,101,3
2020-05-22,Monroe,Georgia,13207,114,8
2020-05-22,Monroe,Illinois,17133,91,11
2020-05-22,Monroe,Indiana,18105,157,10
2020-05-22,Monroe,Iowa,19135,30,3
2020-05-22,Monroe,Kentucky,21171,7,0
2020-05-22,Monroe,Michigan,26115,455,19
2020-05-22,Monroe,Mississippi,28095,231,24
2020-05-22,Monroe,New York,36055,2602,181
2020-05-22,Monroe,Ohio,39111,71,7
2020-05-22,Monroe,Pennsylvania,42089,1295,97
2020-05-22,Monroe,Tennessee,47123,57,2
2020-05-22,Monroe,West Virginia,54063,7,0
2020-05-22,Monroe,Wisconsin,55081,16,1
2020-05-23,Monroe,Alabama,01099,26,2
2020-05-23,Monroe,Arkansas,05095,5,0
2020-05-23,Monroe,Florida,12087,107,3
2020-05-23,Monroe,Georgia,13207,117,8
2020-05-23,Monroe,Illinois,17133,91,11
2020-05-23,Monroe,Indiana,18105,158,10
2020-05-23,Monroe,Iowa,19135,30,3
2020-05-23,Monroe,Kentucky,21171,14,0
2020-05-23,Monroe,Michigan,26115,461,19
2020-05-23,Monroe,Mississippi,28095,241,24
2020-05-23,Monroe,New York,36055,2662,185
2020-05-23,Monroe,Ohio,39111,71,9
2020-05-23,Monroe,Pennsylvania,42089,1302,99
2020-05-23,Monroe,Tennessee,47123,56,2
2020-05-23,Monroe,West Virginia,54063,7,0
2020-05-23,Monroe,Wisconsin,55081,16,1
2020-05-24,Monroe,Alabama,01099,28,2
2020-05-24,Monroe,Arkansas,05095,5,0
2020-05-24,Monroe,Florida,12087,108,3
2020-05-24,Monroe,Georgia,13207,117,8
2020-05-24,Monroe,Illinois,17133,91,11
2020-05-24,Monroe,Indiana,18105,158,10
2020-05-24,Monroe,Iowa,19135,33,4
2020-05-24,Monroe,Kentucky,21171,14,0
2020-05-24,Monroe,Michigan,26115,461,19
2020-05-24,Monroe,Mississippi,28095,242,24
2020-05-24,Monroe,New York,36055,2698,192
2020-05-24,Monroe,Ohio,39111,71,11
2020-05-24,Monroe,Pennsylvania,42089,1304,99
2020-05-24,Monroe,Tennessee,47123,56,2
2020-05-24,Monroe,West Virginia,54063,7,0
2020-05-24,Monroe,Wisconsin,55081,16,1
2020-05-25,Monroe,Alabama,01099,33,2
2020-05-25,Monroe,Arkansas,05095,5,0
2020-05-25,Monroe,Florida,12087,107,4
2020-05-25,Monroe,Georgia,13207,118,8
2020-05-25,Monroe,Illinois,17133,92,11
2020-05-25,Monroe,Indiana,18105,160,10
2020-05-25,Monroe,Iowa,19135,33,4
2020-05-25,Monroe,Kentucky,21171,14,0
2020-05-25,Monroe,Michigan,26115,463,19
2020-05-25,Monroe,Mississippi,28095,246,24
2020-05-25,Monroe,New York,36055,2734,200
2020-05-25,Monroe,Ohio,39111,71,11
2020-05-25,Monroe,Pennsylvania,42089,1305,99
2020-05-25,Monroe,Tennessee,47123,56,2
2020-05-25,Monroe,West Virginia,54063,7,0
2020-05-25,Monroe,Wisconsin,55081,16,1
2020-05-26,Monroe,Alabama,01099,34,2
2020-05-26,Monroe,Arkansas,05095,5,0
2020-05-26,Monroe,Florida,12087,107,4
2020-05-26,Monroe,Georgia,13207,119,8
2020-05-26,Monroe,Illinois,17133,92,11
2020-05-26,Monroe,Indiana,18105,160,11
2020-05-26,Monroe,Iowa,19135,35,4
2020-05-26,Monroe,Kentucky,21171,15,0
2020-05-26,Monroe,Michigan,26115,464,19
2020-05-26,Monroe,Mississippi,28095,249,24
2020-05-26,Monroe,New York,36055,2763,201
2020-05-26,Monroe,Ohio,39111,73,11
2020-05-26,Monroe,Pennsylvania,42089,1305,99
2020-05-26,Monroe,Tennessee,47123,58,2
2020-05-26,Monroe,West Virginia,54063,7,0
2020-05-26,Monroe,Wisconsin,55081,16,1
2020-05-27,Monroe,Alabama,01099,34,2
2020-05-27,Monroe,Arkansas,05095,5,0
2020-05-27,Monroe,Florida,12087,107,4
2020-05-27,Monroe,Georgia,13207,118,8
2020-05-27,Monroe,Illinois,17133,93,11
2020-05-27,Monroe,Indiana,18105,162,11
2020-05-27,Monroe,Iowa,19135,35,4
2020-05-27,Monroe,Kentucky,21171,16,0
2020-05-27,Monroe,Michigan,26115,464,19
2020-05-27,Monroe,Mississippi,28095,253,24
2020-05-27,Monroe,Missouri,29137,2,0
2020-05-27,Monroe,New York,36055,2792,208
2020-05-27,Monroe,Ohio,39111,74,12
2020-05-27,Monroe,Pennsylvania,42089,1310,100
2020-05-27,Monroe,Tennessee,47123,59,2
2020-05-27,Monroe,West Virginia,54063,7,0
2020-05-27,Monroe,Wisconsin,55081,16,1
2020-05-28,Monroe,Alabama,01099,35,2
2020-05-28,Monroe,Arkansas,05095,5,0
2020-05-28,Monroe,Florida,12087,107,4
2020-05-28,Monroe,Georgia,13207,119,8
2020-05-28,Monroe,Illinois,17133,93,11
2020-05-28,Monroe,Indiana,18105,165,12
2020-05-28,Monroe,Iowa,19135,38,5
2020-05-28,Monroe,Kentucky,21171,16,0
2020-05-28,Monroe,Michigan,26115,468,19
2020-05-28,Monroe,Mississippi,28095,252,25
2020-05-28,Monroe,Missouri,29137,2,0
2020-05-28,Monroe,New York,36055,2825,210
2020-05-28,Monroe,Ohio,39111,75,12
2020-05-28,Monroe,Pennsylvania,42089,1311,101
2020-05-28,Monroe,Tennessee,47123,61,2
2020-05-28,Monroe,West Virginia,54063,7,0
2020-05-28,Monroe,Wisconsin,55081,16,1
2020-05-29,Monroe,Alabama,01099,36,2
2020-05-29,Monroe,Arkansas,05095,5,0
2020-05-29,Monroe,Florida,12087,108,4
2020-05-29,Monroe,Georgia,13207,120,8
2020-05-29,Monroe,Illinois,17133,94,11
2020-05-29,Monroe,Indiana,18105,166,12
2020-05-29,Monroe,Iowa,19135,38,5
2020-05-29,Monroe,Kentucky,21171,16,0
2020-05-29,Monroe,Michigan,26115,469,19
2020-05-29,Monroe,Mississippi,28095,254,25
2020-05-29,Monroe,Missouri,29137,2,0
2020-05-29,Monroe,New York,36055,2861,213
2020-05-29,Monroe,Ohio,39111,77,12
2020-05-29,Monroe,Pennsylvania,42089,1315,101
2020-05-29,Monroe,Tennessee,47123,61,2
2020-05-29,Monroe,West Virginia,54063,7,0
2020-05-29,Monroe,Wisconsin,55081,16,1
2020-05-30,Monroe,Alabama,01099,37,2
2020-05-30,Monroe,Arkansas,05095,5,0
2020-05-30,Monroe,Florida,12087,108,4
2020-05-30,Monroe,Georgia,13207,120,8
2020-05-30,Monroe,Illinois,17133,95,11
2020-05-30,Monroe,Indiana,18105,167,12
2020-05-30,Monroe,Iowa,19135,38,5
2020-05-30,Monroe,Kentucky,21171,17,0
2020-05-30,Monroe,Michigan,26115,468,19
2020-05-30,Monroe,Mississippi,28095,255,25
2020-05-30,Monroe,Missouri,29137,2,0
2020-05-30,Monroe,New York,36055,2910,218
2020-05-30,Monroe,Ohio,39111,78,12
2020-05-30,Monroe,Pennsylvania,42089,1318,101
2020-05-30,Monroe,Tennessee,47123,62,2
2020-05-30,Monroe,West Virginia,54063,7,0
2020-05-30,Monroe,Wisconsin,55081,16,1
2020-05-31,Monroe,Alabama,01099,40,2
2020-05-31,Monroe,Arkansas,05095,5,0
2020-05-31,Monroe,Florida,12087,108,4
2020-05-31,Monroe,Georgia,13207,120,11
2020-05-31,Monroe,Illinois,17133,95,12
2020-05-31,Monroe,Indiana,18105,166,12
2020-05-31,Monroe,Iowa,19135,38,5
2020-05-31,Monroe,Kentucky,21171,17,0
2020-05-31,Monroe,Michigan,26115,474,19
2020-05-31,Monroe,Mississippi,28095,257,25
2020-05-31,Monroe,Missouri,29137,2,0
2020-05-31,Monroe,New York,36055,2943,218
2020-05-31,Monroe,Ohio,39111,78,12
2020-05-31,Monroe,Pennsylvania,42089,1319,101
2020-05-31,Monroe,Tennessee,47123,62,2
2020-05-31,Monroe,West Virginia,54063,7,0
2020-05-31,Monroe,Wisconsin,55081,17,1
2020-06-01,Monroe,Alabama,01099,43,2
2020-06-01,Monroe,Arkansas,05095,5,0
2020-06-01,Monroe,Florida,12087,109,4
2020-06-01,Monroe,Georgia,13207,121,11
2020-06-01,Monroe,Illinois,17133,96,12
2020-06-01,Monroe,Indiana,18105,166,12
2020-06-01,Monroe,Iowa,19135,38,5
2020-06-01,Monroe,Kentucky,21171,20,0
2020-06-01,Monroe,Michigan,26115,473,21
2020-06-01,Monroe,Mississippi,28095,261,25
2020-06-01,Monroe,Missouri,29137,2,0
2020-06-01,Monroe,New York,36055,2965,220
2020-06-01,Monroe,Ohio,39111,79,14
2020-06-01,Monroe,Pennsylvania,42089,1320,101
2020-06-01,Monroe,Tennessee,47123,62,2
2020-06-01,Monroe,West Virginia,54063,7,0
2020-06-01,Monroe,Wisconsin,55081,17,1
2020-06-02,Monroe,Alabama,01099,44,2
2020-06-02,Monroe,Arkansas,05095,5,0
2020-06-02,Monroe,Florida,12087,109,4
2020-06-02,Monroe,Georgia,13207,121,11
2020-06-02,Monroe,Illinois,17133,96,12
2020-06-02,Monroe,Indiana,18105,170,13
2020-06-02,Monroe,Iowa,19135,38,5
2020-06-02,Monroe,Kentucky,21171,21,0
2020-06-02,Monroe,Michigan,26115,472,21
2020-06-02,Monroe,Mississippi,28095,265,25
2020-06-02,Monroe,Missouri,29137,2,0
2020-06-02,Monroe,New York,36055,2990,225
2020-06-02,Monroe,Ohio,39111,79,14
2020-06-02,Monroe,Pennsylvania,42089,1325,101
2020-06-02,Monroe,Tennessee,47123,66,2
2020-06-02,Monroe,West Virginia,54063,8,0
2020-06-02,Monroe,Wisconsin,55081,18,1
2020-06-03,Monroe,Alabama,01099,45,2
2020-06-03,Monroe,Arkansas,05095,6,0
2020-06-03,Monroe,Florida,12087,109,4
2020-06-03,Monroe,Georgia,13207,124,11
2020-06-03,Monroe,Illinois,17133,97,12
2020-06-03,Monroe,Indiana,18105,171,13
2020-06-03,Monroe,Iowa,19135,38,5
2020-06-03,Monroe,Kentucky,21171,21,0
2020-06-03,Monroe,Michigan,26115,473,20
2020-06-03,Monroe,Mississippi,28095,267,25
2020-06-03,Monroe,Missouri,29137,2,0
2020-06-03,Monroe,New York,36055,3049,227
2020-06-03,Monroe,Ohio,39111,79,14
2020-06-03,Monroe,Pennsylvania,42089,1326,102
2020-06-03,Monroe,Tennessee,47123,69,2
2020-06-03,Monroe,West Virginia,54063,8,0
2020-06-03,Monroe,Wisconsin,55081,18,1
2020-06-04,Monroe,Alabama,01099,46,2
2020-06-04,Monroe,Arkansas,05095,6,0
2020-06-04,Monroe,Florida,12087,110,4
2020-06-04,Monroe,Georgia,13207,123,11
2020-06-04,Monroe,Illinois,17133,98,12
2020-06-04,Monroe,Indiana,18105,172,14
2020-06-04,Monroe,Iowa,19135,41,5
2020-06-04,Monroe,Kentucky,21171,25,0
2020-06-04,Monroe,Michigan,26115,474,20
2020-06-04,Monroe,Mississippi,28095,269,25
2020-06-04,Monroe,Missouri,29137,2,0
2020-06-04,Monroe,New York,36055,3082,230
2020-06-04,Monroe,Ohio,39111,80,15
2020-06-04,Monroe,Pennsylvania,42089,1333,102
2020-06-04,Monroe,Tennessee,47123,71,3
2020-06-04,Monroe,West Virginia,54063,8,0
2020-06-04,Monroe,Wisconsin,55081,18,1
2020-06-05,Monroe,Alabama,01099,49,2
2020-06-05,Monroe,Arkansas,05095,5,0
2020-06-05,Monroe,Florida,12087,110,4
2020-06-05,Monroe,Georgia,13207,123,11
2020-06-05,Monroe,Illinois,17133,100,12
2020-06-05,Monroe,Indiana,18105,173,15
2020-06-05,Monroe,Iowa,19135,42,6
2020-06-05,Monroe,Kentucky,21171,25,0
2020-06-05,Monroe,Michigan,26115,553,21
2020-06-05,Monroe,Mississippi,28095,269,25
2020-06-05,Monroe,Missouri,29137,2,0
2020-06-05,Monroe,New York,36055,3118,232
2020-06-05,Monroe,Ohio,39111,80,15
2020-06-05,Monroe,Pennsylvania,42089,1335,102
2020-06-05,Monroe,Tennessee,47123,74,3
2020-06-05,Monroe,West Virginia,54063,8,0
2020-06-05,Monroe,Wisconsin,55081,18,1
2020-06-06,Monroe,Alabama,01099,54,2
2020-06-06,Monroe,Arkansas,05095,5,0
2020-06-06,Monroe,Florida,12087,110,4
2020-06-06,Monroe,Georgia,13207,123,11
2020-06-06,Monroe,Illinois,17133,100,12
2020-06-06,Monroe,Indiana,18105,176,17
2020-06-06,Monroe,Iowa,19135,43,6
2020-06-06,Monroe,Kentucky,21171,25,0
2020-06-06,Monroe,Michigan,26115,556,21
2020-06-06,Monroe,Mississippi,28095,273,25
2020-06-06,Monroe,Missouri,29137,3,0
2020-06-06,Monroe,New York,36055,3168,233
2020-06-06,Monroe,Ohio,39111,80,15
2020-06-06,Monroe,Pennsylvania,42089,1338,102
2020-06-06,Monroe,Tennessee,47123,75,4
2020-06-06,Monroe,West Virginia,54063,8,0
2020-06-06,Monroe,Wisconsin,55081,18,1
2020-06-07,Monroe,Alabama,01099,56,2
2020-06-07,Monroe,Arkansas,05095,5,0
2020-06-07,Monroe,Florida,12087,111,4
2020-06-07,Monroe,Georgia,13207,123,11
2020-06-07,Monroe,Illinois,17133,101,12
2020-06-07,Monroe,Indiana,18105,176,17
2020-06-07,Monroe,Iowa,19135,43,6
2020-06-07,Monroe,Kentucky,21171,25,0
2020-06-07,Monroe,Michigan,26115,557,21
2020-06-07,Monroe,Mississippi,28095,277,25
2020-06-07,Monroe,Missouri,29137,3,0
2020-06-07,Monroe,New York,36055,3191,234
2020-06-07,Monroe,Ohio,39111,80,15
2020-06-07,Monroe,Pennsylvania,42089,1338,102
2020-06-07,Monroe,Tennessee,47123,75,4
2020-06-07,Monroe,West Virginia,54063,8,0
2020-06-07,Monroe,Wisconsin,55081,19,1
2020-06-08,Monroe,Alabama,01099,62,2
2020-06-08,Monroe,Arkansas,05095,5,0
2020-06-08,Monroe,Florida,12087,114,4
2020-06-08,Monroe,Georgia,13207,123,11
2020-06-08,Monroe,Illinois,17133,104,12
2020-06-08,Monroe,Indiana,18105,178,17
2020-06-08,Monroe,Iowa,19135,44,6
2020-06-08,Monroe,Kentucky,21171,27,0
2020-06-08,Monroe,Michigan,26115,559,21
2020-06-08,Monroe,Mississippi,28095,280,25
2020-06-08,Monroe,Missouri,29137,3,0
2020-06-08,Monroe,New York,36055,3204,235
2020-06-08,Monroe,Ohio,39111,81,15
2020-06-08,Monroe,Pennsylvania,42089,1341,102
2020-06-08,Monroe,Tennessee,47123,76,4
2020-06-08,Monroe,West Virginia,54063,8,0
2020-06-08,Monroe,Wisconsin,55081,19,1
2020-06-09,Monroe,Alabama,01099,68,2
2020-06-09,Monroe,Arkansas,05095,5,0
2020-06-09,Monroe,Florida,12087,114,4
2020-06-09,Monroe,Georgia,13207,124,12
2020-06-09,Monroe,Illinois,17133,105,12
2020-06-09,Monroe,Indiana,18105,181,19
2020-06-09,Monroe,Iowa,19135,46,6
2020-06-09,Monroe,Kentucky,21171,27,0
2020-06-09,Monroe,Michigan,26115,560,21
2020-06-09,Monroe,Mississippi,28095,285,25
2020-06-09,Monroe,Missouri,29137,3,0
2020-06-09,Monroe,New York,36055,3244,235
2020-06-09,Monroe,Ohio,39111,81,15
2020-06-09,Monroe,Pennsylvania,42089,1342,102
2020-06-09,Monroe,Tennessee,47123,75,4
2020-06-09,Monroe,West Virginia,54063,8,0
2020-06-09,Monroe,Wisconsin,55081,19,1
2020-06-10,Monroe,Alabama,01099,79,2
2020-06-10,Monroe,Arkansas,05095,5,0
2020-06-10,Monroe,Florida,12087,116,5
2020-06-10,Monroe,Georgia,13207,126,13
2020-06-10,Monroe,Illinois,17133,105,12
2020-06-10,Monroe,Indiana,18105,183,19
2020-06-10,Monroe,Iowa,19135,46,6
2020-06-10,Monroe,Kentucky,21171,27,0
2020-06-10,Monroe,Michigan,26115,560,21
2020-06-10,Monroe,Mississippi,28095,290,25
2020-06-10,Monroe,Missouri,29137,3,0
2020-06-10,Monroe,New York,36055,3256,239
2020-06-10,Monroe,Ohio,39111,83,15
2020-06-10,Monroe,Pennsylvania,42089,1344,102
2020-06-10,Monroe,Tennessee,47123,75,4
2020-06-10,Monroe,West Virginia,54063,8,0
2020-06-10,Monroe,Wisconsin,55081,23,1
2020-06-11,Monroe,Alabama,01099,95,2
2020-06-11,Monroe,Arkansas,05095,5,0
2020-06-11,Monroe,Florida,12087,120,4
2020-06-11,Monroe,Georgia,13207,126,14
2020-06-11,Monroe,Illinois,17133,105,12
2020-06-11,Monroe,Indiana,18105,186,20
2020-06-11,Monroe,Iowa,19135,46,6
2020-06-11,Monroe,Kentucky,21171,27,0
2020-06-11,Monroe,Michigan,26115,561,21
2020-06-11,Monroe,Mississippi,28095,290,25
2020-06-11,Monroe,Missouri,29137,3,0
2020-06-11,Monroe,New York,36055,3294,242
2020-06-11,Monroe,Ohio,39111,83,15
2020-06-11,Monroe,Pennsylvania,42089,1346,103
2020-06-11,Monroe,Tennessee,47123,75,4
2020-06-11,Monroe,West Virginia,54063,8,0
2020-06-11,Monroe,Wisconsin,55081,26,1
2020-06-12,Monroe,Alabama,01099,107,2
2020-06-12,Monroe,Arkansas,05095,5,0
2020-06-12,Monroe,Florida,12087,121,4
2020-06-12,Monroe,Georgia,13207,127,14
2020-06-12,Monroe,Illinois,17133,106,12
2020-06-12,Monroe,Indiana,18105,187,20
2020-06-12,Monroe,Iowa,19135,47,6
2020-06-12,Monroe,Kentucky,21171,27,0
2020-06-12,Monroe,Michigan,26115,562,21
2020-06-12,Monroe,Mississippi,28095,291,25
2020-06-12,Monroe,Missouri,29137,3,0
2020-06-12,Monroe,New York,36055,3321,244
2020-06-12,Monroe,Ohio,39111,83,15
2020-06-12,Monroe,Pennsylvania,42089,1347,103
2020-06-12,Monroe,Tennessee,47123,85,4
2020-06-12,Monroe,West Virginia,54063,9,0
2020-06-12,Monroe,Wisconsin,55081,29,1
2020-06-13,Monroe,Alabama,01099,117,2
2020-06-13,Monroe,Arkansas,05095,7,0
2020-06-13,Monroe,Florida,12087,128,4
2020-06-13,Monroe,Georgia,13207,127,14
2020-06-13,Monroe,Illinois,17133,109,12
2020-06-13,Monroe,Indiana,18105,187,20
2020-06-13,Monroe,Iowa,19135,47,6
2020-06-13,Monroe,Kentucky,21171,29,0
2020-06-13,Monroe,Michigan,26115,568,21
2020-06-13,Monroe,Mississippi,28095,291,25
2020-06-13,Monroe,Missouri,29137,3,0
2020-06-13,Monroe,New York,36055,3341,245
2020-06-13,Monroe,Ohio,39111,82,15
2020-06-13,Monroe,Pennsylvania,42089,1347,104
2020-06-13,Monroe,Tennessee,47123,86,4
2020-06-13,Monroe,West Virginia,54063,9,0
2020-06-13,Monroe,Wisconsin,55081,30,1
2020-06-14,Monroe,Alabama,01099,126,2
2020-06-14,Monroe,Arkansas,05095,7,0
2020-06-14,Monroe,Florida,12087,129,4
2020-06-14,Monroe,Georgia,13207,130,14
2020-06-14,Monroe,Illinois,17133,109,12
2020-06-14,Monroe,Indiana,18105,189,20
2020-06-14,Monroe,Iowa,19135,47,6
2020-06-14,Monroe,Kentucky,21171,29,0
2020-06-14,Monroe,Michigan,26115,569,21
2020-06-14,Monroe,Mississippi,28095,293,25
2020-06-14,Monroe,Missouri,29137,3,0
2020-06-14,Monroe,New York,36055,3371,246
2020-06-14,Monroe,Ohio,39111,82,15
2020-06-14,Monroe,Pennsylvania,42089,1347,104
2020-06-14,Monroe,Tennessee,47123,86,4
2020-06-14,Monroe,West Virginia,54063,9,0
2020-06-14,Monroe,Wisconsin,55081,32,1
2020-06-15,Monroe,Alabama,01099,136,2
2020-06-15,Monroe,Arkansas,05095,7,0
2020-06-15,Monroe,Florida,12087,130,4
2020-06-15,Monroe,Georgia,13207,131,14
2020-06-15,Monroe,Illinois,17133,112,12
2020-06-15,Monroe,Indiana,18105,190,20
2020-06-15,Monroe,Iowa,19135,47,6
2020-06-15,Monroe,Kentucky,21171,31,0
2020-06-15,Monroe,Michigan,26115,570,21
2020-06-15,Monroe,Mississippi,28095,295,25
2020-06-15,Monroe,Missouri,29137,3,0
2020-06-15,Monroe,New York,36055,3381,247
2020-06-15,Monroe,Ohio,39111,82,15
2020-06-15,Monroe,Pennsylvania,42089,1350,105
2020-06-15,Monroe,Tennessee,47123,86,4
2020-06-15,Monroe,West Virginia,54063,9,0
2020-06-15,Monroe,Wisconsin,55081,33,1
2020-06-16,Monroe,Alabama,01099,144,2
2020-06-16,Monroe,Arkansas,05095,7,0
2020-06-16,Monroe,Florida,12087,131,4
2020-06-16,Monroe,Georgia,13207,133,14
2020-06-16,Monroe,Illinois,17133,111,12
2020-06-16,Monroe,Indiana,18105,192,20
2020-06-16,Monroe,Iowa,19135,48,6
2020-06-16,Monroe,Kentucky,21171,31,0
2020-06-16,Monroe,Michigan,26115,571,21
2020-06-16,Monroe,Mississippi,28095,297,25
2020-06-16,Monroe,Missouri,29137,3,0
2020-06-16,Monroe,New York,36055,3403,248
2020-06-16,Monroe,Ohio,39111,82,15
2020-06-16,Monroe,Pennsylvania,42089,1356,105
2020-06-16,Monroe,Tennessee,47123,91,4
2020-06-16,Monroe,West Virginia,54063,9,0
2020-06-16,Monroe,Wisconsin,55081,36,1
2020-06-17,Monroe,Alabama,01099,148,2
2020-06-17,Monroe,Arkansas,05095,7,0
2020-06-17,Monroe,Florida,12087,137,4
2020-06-17,Monroe,Georgia,13207,135,15
2020-06-17,Monroe,Illinois,17133,109,12
2020-06-17,Monroe,Indiana,18105,204,25
2020-06-17,Monroe,Iowa,19135,48,6
2020-06-17,Monroe,Kentucky,21171,31,0
2020-06-17,Monroe,Michigan,26115,570,21
2020-06-17,Monroe,Mississippi,28095,301,26
2020-06-17,Monroe,Missouri,29137,3,0
2020-06-17,Monroe,New York,36055,3419,248
2020-06-17,Monroe,Ohio,39111,82,15
2020-06-17,Monroe,Pennsylvania,42089,1357,105
2020-06-17,Monroe,Tennessee,47123,93,4
2020-06-17,Monroe,West Virginia,54063,9,0
2020-06-17,Monroe,Wisconsin,55081,38,1
2020-06-18,Monroe,Alabama,01099,152,2
2020-06-18,Monroe,Arkansas,05095,7,0
2020-06-18,Monroe,Florida,12087,146,4
2020-06-18,Monroe,Georgia,13207,135,15
2020-06-18,Monroe,Illinois,17133,110,12
2020-06-18,Monroe,Indiana,18105,205,25
2020-06-18,Monroe,Iowa,19135,48,6
2020-06-18,Monroe,Kentucky,21171,32,0
2020-06-18,Monroe,Michigan,26115,571,21
2020-06-18,Monroe,Mississippi,28095,301,26
2020-06-18,Monroe,Missouri,29137,3,0
2020-06-18,Monroe,New York,36055,3440,249
2020-06-18,Monroe,Ohio,39111,82,15
2020-06-18,Monroe,Pennsylvania,42089,1363,105
2020-06-18,Monroe,Tennessee,47123,97,4
2020-06-18,Monroe,West Virginia,54063,9,0
2020-06-18,Monroe,Wisconsin,55081,39,1
2020-06-19,Monroe,Alabama,01099,154,2
2020-06-19,Monroe,Arkansas,05095,7,0
2020-06-19,Monroe,Florida,12087,150,4
2020-06-19,Monroe,Georgia,13207,135,15
2020-06-19,Monroe,Illinois,17133,111,12
2020-06-19,Monroe,Indiana,18105,209,28
2020-06-19,Monroe,Iowa,19135,49,6
2020-06-19,Monroe,Kentucky,21171,32,0
2020-06-19,Monroe,Michigan,26115,575,21
2020-06-19,Monroe,Mississippi,28095,301,26
2020-06-19,Monroe,Missouri,29137,4,0
2020-06-19,Monroe,New York,36055,3462,250
2020-06-19,Monroe,Ohio,39111,82,15
2020-06-19,Monroe,Pennsylvania,42089,1366,106
2020-06-19,Monroe,Tennessee,47123,108,4
2020-06-19,Monroe,West Virginia,54063,9,0
2020-06-19,Monroe,Wisconsin,55081,40,1
2020-06-20,Monroe,Alabama,01099,159,2
2020-06-20,Monroe,Arkansas,05095,7,0
2020-06-20,Monroe,Florida,12087,158,4
2020-06-20,Monroe,Georgia,13207,135,15
2020-06-20,Monroe,Illinois,17133,112,12
2020-06-20,Monroe,Indiana,18105,210,28
2020-06-20,Monroe,Iowa,19135,49,6
2020-06-20,Monroe,Kentucky,21171,32,0
2020-06-20,Monroe,Michigan,26115,576,21
2020-06-20,Monroe,Mississippi,28095,301,26
2020-06-20,Monroe,Missouri,29137,5,0
2020-06-20,Monroe,New York,36055,3488,253
2020-06-20,Monroe,Ohio,39111,82,15
2020-06-20,Monroe,Pennsylvania,42089,1370,107
2020-06-20,Monroe,Tennessee,47123,107,4
2020-06-20,Monroe,West Virginia,54063,9,0
2020-06-20,Monroe,Wisconsin,55081,45,1
2020-06-21,Monroe,Alabama,01099,163,2
2020-06-21,Monroe,Arkansas,05095,7,0
2020-06-21,Monroe,Florida,12087,162,4
2020-06-21,Monroe,Georgia,13207,135,15
2020-06-21,Monroe,Illinois,17133,113,12
2020-06-21,Monroe,Indiana,18105,210,28
2020-06-21,Monroe,Iowa,19135,49,6
2020-06-21,Monroe,Kentucky,21171,34,0
2020-06-21,Monroe,Michigan,26115,576,21
2020-06-21,Monroe,Mississippi,28095,301,26
2020-06-21,Monroe,Missouri,29137,5,0
2020-06-21,Monroe,New York,36055,3499,255
2020-06-21,Monroe,Ohio,39111,82,15
2020-06-21,Monroe,Pennsylvania,42089,1376,107
2020-06-21,Monroe,Tennessee,47123,108,4
2020-06-21,Monroe,West Virginia,54063,9,0
2020-06-21,Monroe,Wisconsin,55081,46,1
2020-06-22,Monroe,Alabama,01099,163,2
2020-06-22,Monroe,Arkansas,05095,7,0
2020-06-22,Monroe,Florida,12087,165,4
2020-06-22,Monroe,Georgia,13207,137,15
2020-06-22,Monroe,Illinois,17133,116,12
2020-06-22,Monroe,Indiana,18105,211,28
2020-06-22,Monroe,Iowa,19135,49,6
2020-06-22,Monroe,Kentucky,21171,34,0
2020-06-22,Monroe,Michigan,26115,581,21
2020-06-22,Monroe,Mississippi,28095,311,27
2020-06-22,Monroe,Missouri,29137,5,0
2020-06-22,Monroe,New York,36055,3513,256
2020-06-22,Monroe,Ohio,39111,82,15
2020-06-22,Monroe,Pennsylvania,42089,1378,107
2020-06-22,Monroe,Tennessee,47123,109,4
2020-06-22,Monroe,West Virginia,54063,9,0
2020-06-22,Monroe,Wisconsin,55081,50,1
2020-06-23,Monroe,Alabama,01099,169,2
2020-06-23,Monroe,Arkansas,05095,8,0
2020-06-23,Monroe,Florida,12087,166,4
2020-06-23,Monroe,Georgia,13207,138,16
2020-06-23,Monroe,Illinois,17133,116,12
2020-06-23,Monroe,Indiana,18105,215,28
2020-06-23,Monroe,Iowa,19135,49,6
2020-06-23,Monroe,Kentucky,21171,34,0
2020-06-23,Monroe,Michigan,26115,580,21
2020-06-23,Monroe,Mississippi,28095,314,28
2020-06-23,Monroe,Missouri,29137,5,0
2020-06-23,Monroe,New York,36055,3541,256
2020-06-23,Monroe,Ohio,39111,83,16
2020-06-23,Monroe,Pennsylvania,42089,1379,108
2020-06-23,Monroe,Tennessee,47123,110,4
2020-06-23,Monroe,West Virginia,54063,9,0
2020-06-23,Monroe,Wisconsin,55081,49,1
2020-06-24,Monroe,Alabama,01099,172,2
2020-06-24,Monroe,Arkansas,05095,8,0
2020-06-24,Monroe,Florida,12087,174,4
2020-06-24,Monroe,Georgia,13207,139,16
2020-06-24,Monroe,Illinois,17133,117,12
2020-06-24,Monroe,Indiana,18105,216,28
2020-06-24,Monroe,Iowa,19135,51,6
2020-06-24,Monroe,Kentucky,21171,34,0
2020-06-24,Monroe,Michigan,26115,583,21
2020-06-24,Monroe,Mississippi,28095,318,28
2020-06-24,Monroe,Missouri,29137,5,0
2020-06-24,Monroe,New York,36055,3568,257
2020-06-24,Monroe,Ohio,39111,83,16
2020-06-24,Monroe,Pennsylvania,42089,1384,108
2020-06-24,Monroe,Tennessee,47123,115,4
2020-06-24,Monroe,West Virginia,54063,9,0
2020-06-24,Monroe,Wisconsin,55081,51,1
2020-06-25,Monroe,Alabama,01099,175,2
2020-06-25,Monroe,Arkansas,05095,8,0
2020-06-25,Monroe,Florida,12087,188,4
2020-06-25,Monroe,Georgia,13207,142,16
2020-06-25,Monroe,Illinois,17133,118,13
2020-06-25,Monroe,Indiana,18105,221,30
2020-06-25,Monroe,Iowa,19135,50,6
2020-06-25,Monroe,Kentucky,21171,34,0
2020-06-25,Monroe,Michigan,26115,591,21
2020-06-25,Monroe,Mississippi,28095,328,28
2020-06-25,Monroe,Missouri,29137,5,0
2020-06-25,Monroe,New York,36055,3603,258
2020-06-25,Monroe,Ohio,39111,83,16
2020-06-25,Monroe,Pennsylvania,42089,1388,109
2020-06-25,Monroe,Tennessee,47123,116,4
2020-06-25,Monroe,West Virginia,54063,9,0
2020-06-25,Monroe,Wisconsin,55081,57,1
2020-06-26,Monroe,Alabama,01099,179,2
2020-06-26,Monroe,Arkansas,05095,10,0
2020-06-26,Monroe,Florida,12087,202,4
2020-06-26,Monroe,Georgia,13207,152,16
2020-06-26,Monroe,Illinois,17133,120,13
2020-06-26,Monroe,Indiana,18105,223,30
2020-06-26,Monroe,Iowa,19135,50,6
2020-06-26,Monroe,Kentucky,21171,34,1
2020-06-26,Monroe,Michigan,26115,597,21
2020-06-26,Monroe,Mississippi,28095,334,28
2020-06-26,Monroe,Missouri,29137,5,0
2020-06-26,Monroe,New York,36055,3642,258
2020-06-26,Monroe,Ohio,39111,85,17
2020-06-26,Monroe,Pennsylvania,42089,1391,108
2020-06-26,Monroe,Tennessee,47123,116,4
2020-06-26,Monroe,West Virginia,54063,10,0
2020-06-26,Monroe,Wisconsin,55081,59,1
2020-06-27,Monroe,Alabama,01099,188,2
2020-06-27,Monroe,Arkansas,05095,12,0
2020-06-27,Monroe,Florida,12087,204,4
2020-06-27,Monroe,Georgia,13207,154,16
2020-06-27,Monroe,Illinois,17133,123,13
2020-06-27,Monroe,Indiana,18105,229,30
2020-06-27,Monroe,Iowa,19135,50,6
2020-06-27,Monroe,Kentucky,21171,34,1
2020-06-27,Monroe,Michigan,26115,602,21
2020-06-27,Monroe,Mississippi,28095,338,28
2020-06-27,Monroe,Missouri,29137,5,0
2020-06-27,Monroe,New York,36055,3677,260
2020-06-27,Monroe,Ohio,39111,85,17
2020-06-27,Monroe,Pennsylvania,42089,1401,108
2020-06-27,Monroe,Tennessee,47123,118,4
2020-06-27,Monroe,West Virginia,54063,11,0
2020-06-27,Monroe,Wisconsin,55081,61,1
2020-06-28,Monroe,Alabama,01099,189,2
2020-06-28,Monroe,Arkansas,05095,12,0
2020-06-28,Monroe,Florida,12087,219,4
2020-06-28,Monroe,Georgia,13207,156,16
2020-06-28,Monroe,Illinois,17133,123,13
2020-06-28,Monroe,Indiana,18105,235,30
2020-06-28,Monroe,Iowa,19135,50,6
2020-06-28,Monroe,Kentucky,21171,35,1
2020-06-28,Monroe,Michigan,26115,603,21
2020-06-28,Monroe,Mississippi,28095,340,29
2020-06-28,Monroe,Missouri,29137,5,0
2020-06-28,Monroe,New York,36055,3691,261
2020-06-28,Monroe,Ohio,39111,85,17
2020-06-28,Monroe,Pennsylvania,42089,1405,108
2020-06-28,Monroe,Tennessee,47123,118,4
2020-06-28,Monroe,West Virginia,54063,11,0
2020-06-28,Monroe,Wisconsin,55081,61,1
2020-06-29,Monroe,Alabama,01099,190,2
2020-06-29,Monroe,Arkansas,05095,12,0
2020-06-29,Monroe,Florida,12087,236,4
2020-06-29,Monroe,Georgia,13207,156,17
2020-06-29,Monroe,Illinois,17133,126,13
2020-06-29,Monroe,Indiana,18105,239,30
2020-06-29,Monroe,Iowa,19135,50,6
2020-06-29,Monroe,Kentucky,21171,35,1
2020-06-29,Monroe,Michigan,26115,606,21
2020-06-29,Monroe,Mississippi,28095,342,29
2020-06-29,Monroe,Missouri,29137,5,0
2020-06-29,Monroe,New York,36055,3710,261
2020-06-29,Monroe,Ohio,39111,85,17
2020-06-29,Monroe,Pennsylvania,42089,1409,108
2020-06-29,Monroe,Tennessee,47123,118,4
2020-06-29,Monroe,West Virginia,54063,12,0
2020-06-29,Monroe,Wisconsin,55081,63,1
2020-06-30,Monroe,Alabama,01099,195,2
2020-06-30,Monroe,Arkansas,05095,12,0
2020-06-30,Monroe,Florida,12087,259,4
2020-06-30,Monroe,Georgia,13207,160,17
2020-06-30,Monroe,Illinois,17133,127,13
2020-06-30,Monroe,Indiana,18105,246,30
2020-06-30,Monroe,Iowa,19135,50,6
2020-06-30,Monroe,Kentucky,21171,35,1
2020-06-30,Monroe,Michigan,26115,617,21
2020-06-30,Monroe,Mississippi,28095,355,29
2020-06-30,Monroe,Missouri,29137,5,0
2020-06-30,Monroe,New York,36055,3743,261
2020-06-30,Monroe,Ohio,39111,85,17
2020-06-30,Monroe,Pennsylvania,42089,1421,108
2020-06-30,Monroe,Tennessee,47123,132,4
2020-06-30,Monroe,West Virginia,54063,12,0
2020-06-30,Monroe,Wisconsin,55081,66,1
2020-07-01,Monroe,Alabama,01099,198,2
2020-07-01,Monroe,Arkansas,05095,13,0
2020-07-01,Monroe,Florida,12087,270,4
2020-07-01,Monroe,Georgia,13207,165,17
2020-07-01,Monroe,Illinois,17133,127,13
2020-07-01,Monroe,Indiana,18105,258,30
2020-07-01,Monroe,Iowa,19135,50,6
2020-07-01,Monroe,Kentucky,21171,36,1
2020-07-01,Monroe,Michigan,26115,618,21
2020-07-01,Monroe,Mississippi,28095,367,29
2020-07-01,Monroe,Missouri,29137,5,0
2020-07-01,Monroe,New York,36055,3781,262
2020-07-01,Monroe,Ohio,39111,86,17
2020-07-01,Monroe,Pennsylvania,42089,1423,108
2020-07-01,Monroe,Tennessee,47123,135,4
2020-07-01,Monroe,West Virginia,54063,12,0
2020-07-01,Monroe,Wisconsin,55081,65,1
2020-07-02,Monroe,Alabama,01099,206,2
2020-07-02,Monroe,Arkansas,05095,15,0
2020-07-02,Monroe,Florida,12087,296,5
2020-07-02,Monroe,Georgia,13207,170,18
2020-07-02,Monroe,Illinois,17133,128,13
2020-07-02,Monroe,Indiana,18105,265,30
2020-07-02,Monroe,Iowa,19135,50,6
2020-07-02,Monroe,Kentucky,21171,38,1
2020-07-02,Monroe,Michigan,26115,619,21
2020-07-02,Monroe,Mississippi,28095,375,29
2020-07-02,Monroe,Missouri,29137,5,0
2020-07-02,Monroe,New York,36055,3834,262
2020-07-02,Monroe,Ohio,39111,86,17
2020-07-02,Monroe,Pennsylvania,42089,1428,108
2020-07-02,Monroe,Tennessee,47123,136,5
2020-07-02,Monroe,West Virginia,54063,14,0
2020-07-02,Monroe,Wisconsin,55081,66,1
2020-07-03,Monroe,Alabama,01099,232,2
2020-07-03,Monroe,Arkansas,05095,16,0
2020-07-03,Monroe,Florida,12087,322,5
2020-07-03,Monroe,Georgia,13207,188,18
2020-07-03,Monroe,Illinois,17133,129,13
2020-07-03,Monroe,Indiana,18105,268,30
2020-07-03,Monroe,Iowa,19135,50,6
2020-07-03,Monroe,Kentucky,21171,40,1
2020-07-03,Monroe,Michigan,26115,626,21
2020-07-03,Monroe,Mississippi,28095,388,30
2020-07-03,Monroe,Missouri,29137,5,0
2020-07-03,Monroe,New York,36055,3886,262
2020-07-03,Monroe,Ohio,39111,88,17
2020-07-03,Monroe,Pennsylvania,42089,1430,109
2020-07-03,Monroe,Tennessee,47123,137,6
2020-07-03,Monroe,West Virginia,54063,14,0
2020-07-03,Monroe,Wisconsin,55081,73,1
2020-07-04,Monroe,Alabama,01099,235,2
2020-07-04,Monroe,Arkansas,05095,16,0
2020-07-04,Monroe,Florida,12087,337,5
2020-07-04,Monroe,Georgia,13207,192,18
2020-07-04,Monroe,Illinois,17133,129,13
2020-07-04,Monroe,Indiana,18105,278,30
2020-07-04,Monroe,Iowa,19135,50,6
2020-07-04,Monroe,Kentucky,21171,40,1
2020-07-04,Monroe,Michigan,26115,629,21
2020-07-04,Monroe,Mississippi,28095,399,30
2020-07-04,Monroe,Missouri,29137,5,0
2020-07-04,Monroe,New York,36055,3923,262
2020-07-04,Monroe,Ohio,39111,88,17
2020-07-04,Monroe,Pennsylvania,42089,1434,109
2020-07-04,Monroe,Tennessee,47123,138,6
2020-07-04,Monroe,West Virginia,54063,15,0
2020-07-04,Monroe,Wisconsin,55081,79,1
2020-07-05,Monroe,Alabama,01099,236,2
2020-07-05,Monroe,Arkansas,05095,16,0
2020-07-05,Monroe,Florida,12087,367,5
2020-07-05,Monroe,Georgia,13207,198,18
2020-07-05,Monroe,Illinois,17133,130,13
2020-07-05,Monroe,Indiana,18105,296,30
2020-07-05,Monroe,Iowa,19135,51,6
2020-07-05,Monroe,Kentucky,21171,40,1
2020-07-05,Monroe,Michigan,26115,633,21
2020-07-05,Monroe,Mississippi,28095,401,30
2020-07-05,Monroe,Missouri,29137,5,0
2020-07-05,Monroe,New York,36055,3954,262
2020-07-05,Monroe,Ohio,39111,89,17
2020-07-05,Monroe,Pennsylvania,42089,1436,109
2020-07-05,Monroe,Tennessee,47123,140,6
2020-07-05,Monroe,West Virginia,54063,16,0
2020-07-05,Monroe,Wisconsin,55081,81,1
2020-07-06,Monroe,Alabama,01099,240,2
2020-07-06,Monroe,Arkansas,05095,17,0
2020-07-06,Monroe,Florida,12087,380,5
2020-07-06,Monroe,Georgia,13207,207,18
2020-07-06,Monroe,Illinois,17133,137,13
2020-07-06,Monroe,Indiana,18105,302,30
2020-07-06,Monroe,Iowa,19135,51,6
2020-07-06,Monroe,Kentucky,21171,42,1
2020-07-06,Monroe,Michigan,26115,641,21
2020-07-06,Monroe,Mississippi,28095,403,30
2020-07-06,Monroe,Missouri,29137,5,0
2020-07-06,Monroe,New York,36055,3975,262
2020-07-06,Monroe,Ohio,39111,89,17
2020-07-06,Monroe,Pennsylvania,42089,1439,109
2020-07-06,Monroe,Tennessee,47123,141,6
2020-07-06,Monroe,West Virginia,54063,16,0
2020-07-06,Monroe,Wisconsin,55081,88,1
2020-07-07,Monroe,Alabama,01099,243,3
2020-07-07,Monroe,Arkansas,05095,17,0
2020-07-07,Monroe,Florida,12087,398,5
2020-07-07,Monroe,Georgia,13207,213,18
2020-07-07,Monroe,Illinois,17133,137,13
2020-07-07,Monroe,Indiana,18105,303,30
2020-07-07,Monroe,Iowa,19135,51,7
2020-07-07,Monroe,Kentucky,21171,42,2
2020-07-07,Monroe,Michigan,26115,647,21
2020-07-07,Monroe,Mississippi,28095,425,34
2020-07-07,Monroe,Missouri,29137,5,0
2020-07-07,Monroe,New York,36055,4005,262
2020-07-07,Monroe,Ohio,39111,89,17
2020-07-07,Monroe,Pennsylvania,42089,1444,111
2020-07-07,Monroe,Tennessee,47123,140,6
2020-07-07,Monroe,West Virginia,54063,15,0
2020-07-07,Monroe,Wisconsin,55081,90,1
2020-07-08,Monroe,Alabama,01099,246,3
2020-07-08,Monroe,Arkansas,05095,17,0
2020-07-08,Monroe,Florida,12087,427,6
2020-07-08,Monroe,Georgia,13207,226,18
2020-07-08,Monroe,Illinois,17133,141,13
2020-07-08,Monroe,Indiana,18105,311,30
2020-07-08,Monroe,Iowa,19135,51,7
2020-07-08,Monroe,Kentucky,21171,42,2
2020-07-08,Monroe,Michigan,26115,653,21
2020-07-08,Monroe,Mississippi,28095,431,35
2020-07-08,Monroe,Missouri,29137,5,0
2020-07-08,Monroe,New York,36055,4047,262
2020-07-08,Monroe,Ohio,39111,89,17
2020-07-08,Monroe,Pennsylvania,42089,1451,111
2020-07-08,Monroe,Tennessee,47123,141,6
2020-07-08,Monroe,West Virginia,54063,15,0
2020-07-08,Monroe,Wisconsin,55081,103,1
2020-07-09,Monroe,Alabama,01099,251,3
2020-07-09,Monroe,Arkansas,05095,19,0
2020-07-09,Monroe,Florida,12087,445,6
2020-07-09,Monroe,Georgia,13207,226,19
2020-07-09,Monroe,Illinois,17133,147,13
2020-07-09,Monroe,Indiana,18105,317,30
2020-07-09,Monroe,Iowa,19135,51,7
2020-07-09,Monroe,Kentucky,21171,44,2
2020-07-09,Monroe,Michigan,26115,656,21
2020-07-09,Monroe,Mississippi,28095,436,35
2020-07-09,Monroe,Missouri,29137,5,0
2020-07-09,Monroe,New York,36055,4075,263
2020-07-09,Monroe,Ohio,39111,89,17
2020-07-09,Monroe,Pennsylvania,42089,1456,111
2020-07-09,Monroe,Tennessee,47123,146,6
2020-07-09,Monroe,West Virginia,54063,15,0
2020-07-09,Monroe,Wisconsin,55081,110,1
2020-07-10,Monroe,Alabama,01099,257,4
2020-07-10,Monroe,Arkansas,05095,19,0
2020-07-10,Monroe,Florida,12087,470,6
2020-07-10,Monroe,Georgia,13207,229,19
2020-07-10,Monroe,Illinois,17133,150,13
2020-07-10,Monroe,Indiana,18105,331,30
2020-07-10,Monroe,Iowa,19135,51,7
2020-07-10,Monroe,Kentucky,21171,44,2
2020-07-10,Monroe,Michigan,26115,655,21
2020-07-10,Monroe,Mississippi,28095,439,35
2020-07-10,Monroe,Missouri,29137,5,0
2020-07-10,Monroe,New York,36055,4121,263
2020-07-10,Monroe,Ohio,39111,89,17
2020-07-10,Monroe,Pennsylvania,42089,1462,111
2020-07-10,Monroe,Tennessee,47123,152,6
2020-07-10,Monroe,West Virginia,54063,15,0
2020-07-10,Monroe,Wisconsin,55081,120,1
2020-07-11,Monroe,Alabama,01099,258,4
2020-07-11,Monroe,Arkansas,05095,20,0
2020-07-11,Monroe,Florida,12087,544,6
2020-07-11,Monroe,Georgia,13207,229,19
2020-07-11,Monroe,Illinois,17133,155,13
2020-07-11,Monroe,Indiana,18105,342,30
2020-07-11,Monroe,Iowa,19135,52,7
2020-07-11,Monroe,Kentucky,21171,48,2
2020-07-11,Monroe,Michigan,26115,659,21
2020-07-11,Monroe,Mississippi,28095,456,35
2020-07-11,Monroe,Missouri,29137,5,0
2020-07-11,Monroe,New York,36055,4154,263
2020-07-11,Monroe,Ohio,39111,89,17
2020-07-11,Monroe,Pennsylvania,42089,1470,111
2020-07-11,Monroe,Tennessee,47123,155,6
2020-07-11,Monroe,West Virginia,54063,15,0
2020-07-11,Monroe,Wisconsin,55081,130,1
2020-07-12,Monroe,Alabama,01099,264,4
2020-07-12,Monroe,Arkansas,05095,21,0
2020-07-12,Monroe,Florida,12087,572,6
2020-07-12,Monroe,Georgia,13207,225,19
2020-07-12,Monroe,Illinois,17133,159,13
2020-07-12,Monroe,Indiana,18105,350,30
2020-07-12,Monroe,Iowa,19135,52,7
2020-07-12,Monroe,Kentucky,21171,50,2
2020-07-12,Monroe,Michigan,26115,661,21
2020-07-12,Monroe,Mississippi,28095,461,35
2020-07-12,Monroe,Missouri,29137,5,0
2020-07-12,Monroe,New York,36055,4178,264
2020-07-12,Monroe,Ohio,39111,89,17
2020-07-12,Monroe,Pennsylvania,42089,1471,111
2020-07-12,Monroe,Tennessee,47123,155,6
2020-07-12,Monroe,West Virginia,54063,15,0
2020-07-12,Monroe,Wisconsin,55081,134,1
2020-07-13,Monroe,Alabama,01099,275,4
2020-07-13,Monroe,Arkansas,05095,22,0
2020-07-13,Monroe,Florida,12087,611,6
2020-07-13,Monroe,Georgia,13207,232,19
2020-07-13,Monroe,Illinois,17133,165,13
2020-07-13,Monroe,Indiana,18105,363,30
2020-07-13,Monroe,Iowa,19135,52,7
2020-07-13,Monroe,Kentucky,21171,50,2
2020-07-13,Monroe,Michigan,26115,671,21
2020-07-13,Monroe,Mississippi,28095,460,36
2020-07-13,Monroe,Missouri,29137,5,0
2020-07-13,Monroe,New York,36055,4201,264
2020-07-13,Monroe,Ohio,39111,89,17
2020-07-13,Monroe,Pennsylvania,42089,1473,111
2020-07-13,Monroe,Tennessee,47123,156,6
2020-07-13,Monroe,West Virginia,54063,15,0
2020-07-13,Monroe,Wisconsin,55081,137,1
